b'B5EZlEDH6AVDk8tQGHAGqg',43.1233893,-89.3553901,b'Madison',4.0,1.0,34
b'ugdUuApH3pYXggW5qpbALg',43.08397675,-89.30336322,b'Madison',3.5,1.0,19
b'5Y-p9QJLrg2P0I8RjJ9TTQ',43.10563415,-89.29670107,b'Madison',3.0,1.0,9
b'GdnLAgRXt43eISMtJEOZRg',43.073336100000006,-89.396349,b'Madison',3.5,2.0,76
b'B7wipW2uZRj7syuQiRTH4A',43.07092418,-89.40647304,b'Madison',4.0,1.0,11
b'3QfcfPCJSo0z2v1bkdUemQ',43.074057,-89.379716,b'Madison',4.0,3.0,34
b'Y5Vbtaj_pkrhb99V4Q-53Q',43.05824316,-89.50213641,b'Madison',3.0,1.0,19
b'RMkBZDwEbcv5Ctd-a2A0Lw',43.0351337,-89.4562756,b'Madison',4.0,1.0,62
b'hvazqoUUIZEISCu5CiWKPA',43.0179055,-89.4239869,b'Madison',4.0,2.0,5
b'pNgDhHaeFkWQW71NzT9wzg',43.0315,-89.4074,b'Madison',1.0,1.0,5
b'mKT30qU_MlLj4Ps82JAZ8w',43.1354903,-89.29081190000001,b'Madison',3.0,2.0,65
b'X4w6_iAqN8ZqZ15a7YWPgw',43.13804577,-89.28940928,b'Madison',3.0,2.0,34
b'8fArAA0gwfUbb3uWotd5mw',43.07305170000001,-89.4012302,b'Madison',3.5,3.0,30
b'PT0N41nUD3CErvn046JEhg',43.117649799999995,-89.32545809999999,b'Madison',4.5,,3
b'84WYW7OfV-IXUJk95EL5_Q',43.07546,-89.393063,b'Madison',3.5,3.0,173
b'Vbkb2shDxUE8H3PzrFnypA',43.103513299999996,-89.344598,b'Madison',3.0,2.0,249
b'3a1w3Ufs9CCC3GJTAV8EpQ',43.075891999999996,-89.454836,b'Madison',1.5,,6
b'tORH_LDga3t1bbuluhuxiQ',43.074981,-89.44173570000001,b'Madison',3.0,3.0,70
b'-uMpSkdN39sz9MbjkauVTQ',43.0755245,-89.3989878,b'Madison',4.5,1.0,6
b'ecXP80GWT6zZ2qqZHpUCtQ',43.074789700000004,-89.38120713,b'Madison',4.0,2.0,15
b'KLJmSYpq81fy0gXri-tAAw',43.073145200000006,-89.43440179999999,b'Madison',1.5,1.0,5
b'H_og8Pdq2ijAx1QrWjCMNQ',43.05096385,-89.47289497,b'Madison',3.5,1.0,5
b'CfW-088nFNuUF9O7363lwA',43.067837,-89.395321,b'Madison',3.0,1.0,22
b'29iErFPoWBTbIVPpp9qSyg',43.09389470000001,-89.3473282,b'Madison',4.0,2.0,34
b'A4uc3-zbHowQeR_u-7VNOw',43.060587,-89.5192273,b'Madison',3.5,1.0,6
b'u6sbx5j-06KmPxUwY_mDqg',43.075124200000005,-89.390236,b'Madison',3.0,1.0,18
b'6pG7n8Rx_7ZXeQQk690Nsw',43.075046,-89.392028,b'Madison',4.0,1.0,73
b'XO9oHMxyT0fklifbmED5LQ',43.073442799999995,-89.3960157,b'Madison',2.5,,19
b'MOsFhDVav42shCq9-rgejw',43.129181,-89.3024425,b'Madison',5.0,1.0,6
b'w53wITixOgDFWld-X1mMng',43.0672802,-89.392125,b'Madison',4.0,1.0,14
b'nsw3tlB-hwz4KbPYcuaSww',43.0749188,-89.52984659999998,b'Madison',4.5,2.0,177
b'zi_qqjCzkerE2dT-ViE2JA',43.077324,-89.37990490000001,b'Madison',3.5,2.0,69
b'sdfmHavBrOZMMsiBv2sg7g',43.0566805,-89.4288493,b'Madison',3.5,2.0,230
b'uC3qwaxsOkdJzpOc0v1Mog',43.07296304,-89.45388055,b'Madison',3.5,2.0,351
b'940rOS3vKpqJMKtrsoatTA',43.059441,-89.501962,b'Madison',2.5,1.0,7
b'laERkVWfXVeQcjMSNe65SA',43.0733436,-89.3967426,b'Madison',3.0,1.0,12
b'XFuNeVTGWZ-UOYO58NNmKg',43.079189500000005,-89.38968630000001,b'Madison',3.0,3.0,80
b'n28_5ElTCVkhP-9BTgQGgg',43.13014194,-89.30640341,b'Madison',2.0,1.0,24
b'jM6YI5V4fYM7OCA1BLKwqw',43.05044,-89.47375,b'Madison',1.5,1.0,23
b'IpLvJEjb4AN8eWq5NE2TVA',43.05629494,-89.50504147,b'Madison',3.5,2.0,127
b'c7ZTyqSG4v4ZVwK3vuDklQ',43.0728935,-89.39563559999999,b'Madison',4.0,1.0,170
b'nsfOIWfXpJVylXvryjEcNw',43.119328700000004,-89.3201096,b'Madison',3.5,1.0,11
b'XSpEeRqe1CeIBrDoC-wEzg',43.07530521,-89.39790994,b'Madison',4.5,1.0,7
b'rr-8WQv7TWFP3c83ypc4Cg',43.111405,-89.34716359999999,b'Madison',3.5,,15
b'k7-UuMFIGcbgmP6RY0Gn_Q',43.075138,-89.39081,b'Madison',3.5,2.0,7
b'duG7f4gq2hS-QW50s-g4zA',43.13044458,-89.30569551,b'Madison',3.5,1.0,34
b'pH9HF3GfJKJAdKDHcoUI4w',43.07564331,-89.39547461,b'Madison',3.5,2.0,55
b'TvhpG74DvdoF4MA0vLlOLw',43.0836891,-89.3225822,b'Madison',4.0,1.0,22
b'Y_wVqdHHkmfxdaHGOPffqQ',43.125152299999996,-89.3057293,b'Madison',2.5,,3
b'VbRT8CJlnCO9_rd0zW-rUw',43.079507,-89.370069,b'Madison',3.5,1.0,18
b'6zZDTZ4ZZEYfN268iPz0uQ',43.07284,-89.388113,b'Madison',4.0,3.0,117
b'DhMshA4a0t5wlOq7u0RiMw',43.0498188,-89.50422259999999,b'Madison',2.0,1.0,5
b'Pzs43Fkub-6A9hA1zqpF_w',43.055999,-89.4977688,b'Madison',4.0,2.0,142
b'alUQ8F8tom1kTsk4353I2A',43.112943,-89.349625,b'Madison',2.5,2.0,12
b'kDCmjSgYGn8MbQsnO5UJnA',43.15019988,-89.4041699,b'Madison',2.5,2.0,73
b'wGPZCNenq5HYb50Ip9NXAw',43.102942,-89.345949,b'Madison',4.0,,5
b'hXCoi8OuvdhIA-zXJiPvfg',43.075128899999996,-89.394324,b'Madison',2.5,1.0,26
b'Q6_YIK0yUI8HEgqrOIE-1Q',43.01933305,-89.42055702,b'Madison',3.0,3.0,16
b'nD_SylumoZnWevDlWcyGcQ',43.074745,-89.3812356,b'Madison',4.0,3.0,93
b'3-HFGxmbzSax-NySJ_LzDg',43.057108899999996,-89.49835999999999,b'Madison',3.5,2.0,173
b'7OKQ4ENVfPfxtDqFOG7x0g',43.0734206,-89.39615970000001,b'Madison',2.5,1.0,34
b'wX8btbqgyFh0yHgmyR8ovA',43.092071399999995,-89.3535202,b'Madison',4.0,2.0,142
b'LOARujcfx-Ty_RUlcnYspg',43.101439,-89.34723199999999,b'Madison',1.5,1.0,28
b'5YUoTimGDPbbmRfw6SJgTQ',43.06157879999999,-89.49593730000001,b'Madison',3.5,1.0,15
b'OlA7h9oOttqTALudvEUzTg',43.073255200000006,-89.5266699,b'Madison',4.0,1.0,65
b'jz_q2_QTq_CdDbOtY2FSXg',43.0748689,-89.44748680000001,b'Madison',3.0,2.0,28
b'sBoifVfW-caU7Hq05QMJgw',43.082528,-89.36483100000001,b'Madison',3.0,2.0,13
b'h9ELiqDfwNktCvLEu1DDNg',43.07487946,-89.38833833,b'Madison',3.5,2.0,92
b'7CD4qTysNB-lis85QFS8Tg',43.0470342,-89.3939631,b'Madison',4.0,2.0,7
b'lc9RZgA1FYbaJp4JQ4gm0Q',43.0847415,-89.37605699999999,b'Madison',4.0,2.0,19
b'WkHVtY5voeLCvv61klhUnA',43.047206,-89.305583,b'Madison',2.5,1.0,9
b'-mst4KdHEmeF3Qm0Xfouhw',43.05394643,-89.32493828,b'Madison',2.0,1.0,5
b'fQ1sYWuXtVVOFWhrC9bTrA',43.1341322,-89.3728554,b'Madison',3.0,1.0,13
b'2YlUn3s132hNq5ueGeIiJg',43.03473537,-89.42256114,b'Madison',3.5,2.0,212
b'9qd2RuiGMtVju7tqdp3dsw',43.0853685,-89.2798865,b'Madison',2.0,2.0,6
b'miiptVrDH-qHT4wmI-Lk8g',43.051062,-89.5023902,b'Madison',3.5,1.0,12
b'asAHqgKQtCWiBbC3XriSIQ',43.0505454,-89.50397679999999,b'Madison',3.5,1.0,27
b'Thbnk3uDJ2PPCCluUdqfEg',43.073151,-89.434322,b'Madison',3.5,2.0,9
b'wEisic-u9Yj543iYzfpAhw',43.056038,-89.49419509999998,b'Madison',4.0,2.0,156
b'RJNAeNA-209sctUO0dmwuA',43.07618625,-89.38375722,b'Madison',4.0,2.0,1449
b'9D9VuQW6ysUacf63q-5pMA',43.061355299999995,-89.4010849,b'Madison',4.0,1.0,6
b'2cetuQgbP1Bnzm-uMRlocQ',43.067977500000005,-89.40845379999999,b'Madison',3.5,2.0,91
b'1ru9ZnIcSXKtD-jQoxLzNg',43.05755070000001,-89.42852959999999,b'Madison',4.0,2.0,103
b'ffUMyqLvDLcsed5p_7wy5A',43.085589,-89.36945290000001,b'Madison',3.5,2.0,101
b'rKUyL4Bbgd_ipQI3F9i3tQ',43.05638436,-89.50637840000002,b'Madison',4.0,1.0,5
b'MQb3PUxPJKYNQOY7g9bc_A',43.12328358,-89.31311222,b'Madison',2.5,2.0,13
b'KYdtom3RyDt-3SWGwmJcQA',43.06142959,-89.496551,b'Madison',3.5,1.0,10
b'iFlr0eG_qH-cgXFhji7gbQ',43.1486157,-89.2892764,b'Madison',3.5,2.0,147
b'tvESBMlJsaARw6hXoRCdjQ',43.127819,-89.30661500000001,b'Madison',1.0,,3
b'M4f1JtOp03-gv8xR5JtV8Q',43.01469044,-89.4983652,b'Madison',2.5,1.0,12
b'i7PG3pFaBLy9MHM_RYzKAw',43.07611364,-89.51811387,b'Madison',4.0,1.0,35
b'qLYNdv7bgA7OOOKTxu0giA',43.07409869,-89.38282371,b'Madison',4.5,1.0,70
b'HaRB76OqxMZ28snURM9tFw',43.084097,-89.30451679999999,b'Madison',4.0,1.0,20
b'DQMaUSbKsRtB5lJD3egqxQ',43.077067799999995,-89.3744,b'Madison',3.5,1.0,144
b'-jZ1TrvY56HFqmxjbpcU2A',43.07692211,-89.38353026,b'Madison',3.5,1.0,156
b'KW5qy8mKBpgd2xL_5w7Mzg',43.1254222,-89.312196,b'Madison',2.5,2.0,19
b'vahVdHsH5HjThT0Sa2mThQ',43.093214,-89.350403,b'Madison',3.5,1.0,27
b'n_EdZHrdiLSaO6IMr5RyWA',43.067687899999996,-89.4239575,b'Madison',4.5,,3
b'tnRZmWnVnq25S0Hd4h-L_A',43.077124299999994,-89.3815107,b'Madison',2.5,2.0,8
b'hc81y_5FQjTiZcgqnY8vfQ',43.08459570000001,-89.2995667,b'Madison',2.0,2.0,12
b'iy-t6CyVL2g38wPFY4ac4g',43.061151,-89.512235,b'Madison',2.0,1.0,18
b'Qn2uD06olrxL_43_4G_Hqg',43.10555636,-89.2966957,b'Madison',3.0,2.0,15
b'fqeHgAtcUxp2ocf_RLErkg',43.07330004,-89.52668633,b'Madison',3.5,1.0,91
b'd6VYQbeTZ_WdD8Uuhh35dg',43.07393002,-89.37962415,b'Madison',4.0,3.0,205
b'WoFTWkoOrciT0TEvRJcSTQ',43.0756224,-89.3970644,b'Madison',2.5,1.0,30
b'ovB8CTMCU6RTB9xTrOT_kA',43.0833196,-89.37247690000001,b'Madison',5.0,,4
b'5iFHDkcYp2PRllPzq1Qe_g',43.0730621,-89.39354159999999,b'Madison',3.5,2.0,9
b'1bYtt80iwckHNPJyIl4qQg',43.0759404,-89.5178922,b'Madison',3.5,2.0,82
b'K7rmxZmtoE0_U_40459TLg',43.075216,-89.386276,b'Madison',3.5,2.0,3
b'hisaMvsxMzo08xigPIwXiA',43.058548200000004,-89.3257269,b'Madison',4.0,2.0,50
b'JE3SRhAGqZrAzs0gMm5cIA',43.129083,-89.303678,b'Madison',4.0,1.0,24
b'E3zvCzX7gquT9srY4pUwLg',43.0588637,-89.40007469999999,b'Madison',4.5,1.0,59
b'pUmECN5N94AQAe0DtptuYA',43.0810278,-89.3689566,b'Madison',3.5,2.0,136
b'xhc-bSw2Cz2Inskzjve3Rg',43.05957656,-89.51211070000001,b'Madison',4.0,2.0,30
b'HVpwpXneaCWMeEBF7H8jpQ',43.074953799999996,-89.3907598,b'Madison',4.0,2.0,21
b'aYjZc-3aVbPIPaJgGiUK_A',43.072631,-89.384011,b'Madison',4.0,3.0,179
b'3QkeQGsghxmtHyK2q1_xsQ',43.0744019,-89.379518,b'Madison',3.5,2.0,7
b'Rn9FfZqjIU1oy8XaST9qbw',43.081653,-89.373548,b'Madison',4.5,1.0,56
b'rU9pDF4Ir0GlgEbx6cXSYA',43.0572515,-89.5055108,b'Madison',4.5,1.0,3
b'ppyUsjr_baAojLKyAAO1uw',43.07343627,-89.38674079,b'Madison',4.5,2.0,33
b'52bVodsCN1p_yT7_Y63xeg',43.074833500000004,-89.3922683,b'Madison',3.5,1.0,13
b'lCWebOwMT2T5WKyA_xb8HA',43.067954,-89.406295,b'Madison',3.0,2.0,8
b'WacrAWdXzZywkQU-u_Qf8w',43.0473004,-89.503102,b'Madison',3.0,2.0,7
b'oKYUMYQI7AkjCJdRsKlqtg',43.07451129,-89.37927922,b'Madison',3.5,2.0,171
b'20mdLT6sAriyKs9oNouDDA',43.07339154,-89.39614649,b'Madison',4.5,1.0,21
b'2vzUzl31fFLHKhM6px-rbg',43.14880479999999,-89.40696679999999,b'Madison',3.5,3.0,61
b'C37hwsGUHn_3-il0ypeY-Q',43.0878975,-89.35871920000001,b'Madison',4.0,1.0,178
b'1qVF1_pSuk88hrTek6bPeg',43.133354,-89.302295,b'Madison',2.0,2.0,8
b'GrfaRLXBZ6uB9QGEd0ElFw',43.0627994,-89.4010891,b'Madison',5.0,,3
b'g3xzSAq_IcF1HeB7yd_LBg',43.073386299999996,-89.39517559999999,b'Madison',3.5,1.0,96
b'XMEGoJVtQ6EgVox1yTsO8w',43.135895399999995,-89.29944858,b'Madison',3.0,2.0,22
b'QI-CI9wWRxtw60_aQK1BpA',43.065377399999996,-89.50304200000001,b'Madison',4.0,2.0,70
b'cprIQ1e2be5LD7jpPEyiSw',43.104087,-89.340903,b'Madison',3.0,1.0,7
b'6keyv1LcbzdD8MCrRaA0nQ',43.065881700000006,-89.52396829999999,b'Madison',2.5,2.0,57
b'aLf_bFRNxxGdte8GrIAN4g',43.07635535,-89.39999878,b'Madison',4.0,1.0,29
b'CYFfha5CmApflbpN1AhWHQ',43.074011,-89.38255799999999,b'Madison',3.5,1.0,19
b'Aua2Vi32K-G4LE0JCtAwiw',43.128479299999995,-89.358846,b'Madison',1.5,1.0,10
b'oglIZt5mg2nErhpTH_AakQ',43.11131426,-89.36401758,b'Madison',4.0,2.0,100
b'6HLacZd6X2tz16IP3dHMEA',43.087871299999996,-89.3304009,b'Madison',4.0,1.0,20
b'Q3B6jCQQ0KtkqFI6-Z9WCw',43.0567732,-89.49592320000001,b'Madison',2.5,2.0,3
b'NlzU1RxfXaWF6ir-ZWfrLg',43.073014799999996,-89.39840190000001,b'Madison',3.5,1.0,8
b'1-wuGggkiX5rGS6e2qTP7Q',43.0768356,-89.3833003,b'Madison',4.0,2.0,28
b'8S-JaDa1tPdAGaQPTUMjaw',43.0562493,-89.52317099999999,b'Madison',3.5,,4
b'V1MTfnI-1T7lqZO-Y_qXAg',43.07360201,-89.43549827,b'Madison',4.0,,3
b'22SabxkOHG2gD4VuVlQR5Q',43.071425700000006,-89.5248896,b'Madison',2.5,2.0,7
b's-2MJj4o8SGOKGcNjmfx6g',43.072873,-89.3965423,b'Madison',4.0,,11
b'44IAhkyHsBGMrggWm1HICw',43.0750544,-89.3810002,b'Madison',4.0,2.0,7
b'IXXERocY1bqGwRllcy8J2w',43.0838052,-89.37681090000001,b'Madison',4.0,1.0,191
b'aw5axrPRdJu56obiSZ4d8w',43.0764511,-89.3837848,b'Madison',4.5,,5
b'ShGGqJ0ugPw9N4yL7QlO-Q',43.0985717,-89.33413709999999,b'Madison',2.5,1.0,14
b'uteI0OIVarN_qkmORgPPgg',43.133174600000004,-89.3025996,b'Madison',4.0,1.0,68
b'OCytAjNw1jvhfEF7KU43GA',43.03550088,-89.40867691,b'Madison',3.0,2.0,30
b'eZkD1yUKQA6mAfBJTJPD6w',43.1021144,-89.3447315,b'Madison',2.5,1.0,6
b'b_PiGpk0PZyBpckb1TFITg',43.0800604,-89.3694798,b'Madison',4.5,1.0,24
b'bGAweH0aQRfqNx59BIAOaA',43.074789700000004,-89.3815166,b'Madison',3.0,2.0,15
b'Ff9YHvBxijzhdtYVQU09dQ',43.0429069,-89.40358803,b'Madison',3.5,2.0,5
b'hgdJyNg58p1It_b7ElAxgw',43.074475,-89.393396,b'Madison',4.5,2.0,3
b'zXb5pP4zMHvmusweYfr9TQ',43.057127,-89.501621,b'Madison',2.5,1.0,7
b'LhU-XsZ2YObJnP-5uiMIjA',43.12972256,-89.36273871,b'Madison',3.5,1.0,21
b'JfGnBe_IGDV0RZjAADp4yA',43.0554282,-89.52318220000001,b'Madison',3.5,1.0,79
b'NpjFkuhBX-LU-hf_FnJzKg',43.0754424,-89.45384190000001,b'Madison',3.5,,11
b'QfWFxmXqRGixztgaZN0gOA',43.0596333,-89.5135245,b'Madison',4.0,1.0,80
b'PVHC67qH2d6DonAGRxvymA',43.0837945,-89.36358349999999,b'Madison',5.0,2.0,17
b'ygjJmeiGoO--QpTqJ_kZjA',43.07146844,-89.4523766,b'Madison',3.0,2.0,94
b'tyo6QzKpnUVTjXoq91FBuQ',43.0440001,-89.3027747,b'Madison',4.0,2.0,110
b'YpsMG1_Vf-rEVjl42Nw8hg',43.0677216,-89.4236293,b'Madison',3.5,1.0,22
b'JEoi9ITPZM58EnZBAubijA',43.050959000000006,-89.473956,b'Madison',3.5,2.0,256
b'g0h7RSrFyNYbxWz5m8ScMQ',43.0575935,-89.4282848,b'Madison',3.0,2.0,13
b'Lu11ceuxJWh3dgRaPZGbsQ',43.13026595,-89.30341154,b'Madison',3.0,1.0,29
b'cjFFnWEVH4F62861vJeq3g',43.03246546,-89.47782582,b'Madison',4.5,1.0,13
b'Iq1P8S3--gqd50xoQJxpqA',43.07293012,-89.45321387,b'Madison',4.5,1.0,43
b'rmNTGiMG8NH31b88tUNNfw',43.075044399999996,-89.3873093,b'Madison',3.5,2.0,69
b'qB5m-TgJx_zeWKLLxKRfUA',43.0678314,-89.40039250000001,b'Madison',3.5,1.0,30
b'IsADZMYEJKXTtPfN9YsiBA',43.075131,-89.39444499999999,b'Madison',3.5,2.0,170
b'8iRfD5IizYki0F8QlAlL2g',43.074609,-89.392719,b'Madison',3.0,2.0,66
b'cenEs8pZINlsu1fSpzHizQ',43.07508666,-89.39463640000001,b'Madison',3.0,1.0,26
b'lFZathO8GnCiB7KtkeDsNQ',43.073384000000004,-89.3951189,b'Madison',2.5,1.0,7
b'm9ZzN90XEU36YnoPIFzkmA',43.0499145,-89.4736027,b'Madison',4.0,1.0,39
b'uTGV1_Bu-B26_RoHAMi2BQ',43.048922600000004,-89.50326820000001,b'Madison',3.0,1.0,3
b'cTPdZ9Va0HCLESf5gNnXwA',43.07452342,-89.38154665,b'Madison',3.5,2.0,176
b'UROWdKGa1IQ19Jk4tExvVQ',43.06120259,-89.50691222,b'Madison',3.5,1.0,19
b'RMEzxhYfpnEsWlfozit_xw',43.12049938,-89.35379178,b'Madison',4.0,2.0,236
b'YLqO9xm5s0KJ9JzWukAk8Q',43.0616294,-89.4962001,b'Madison',4.0,2.0,94
b'OEXe9Rge71Ha3qLKGIK9gQ',43.068007,-89.404538,b'Madison',3.0,1.0,23
b'wUqqq1nUFA8Fn-3vYYFyWQ',43.07414413,-89.39559636,b'Madison',2.5,2.0,88
b'C12LKBQMjJJw02wqpM8ShA',43.0749814,-89.38994,b'Madison',3.0,1.0,20
b'U5pW5iuYdB_8NxEopCnpqQ',43.074319700000004,-89.39042036,b'Madison',3.5,1.0,29
b'M7bDZslvnTlud8DfF-cjpg',43.0715594,-89.5245488,b'Madison',3.0,2.0,4
b'WMpXWa8iiEaDzb4vLTZjcw',43.0751392,-89.391759,b'Madison',4.0,2.0,283
b'I-7JXoyVi-QpZJLbJMDrgg',43.127148999999996,-89.30111,b'Madison',2.5,1.0,19
b'jb6yNcKwUDsIQOLYmJCcyA',43.074911,-89.38084609999999,b'Madison',4.0,,4
b'y2YHddCEO-OLukNppajGIQ',43.0649127,-89.41671269999999,b'Madison',3.5,2.0,38
b'924Ni03Fjll4kkkTgSQTlg',43.0794866,-89.3693954,b'Madison',4.0,2.0,65
b'YUjiBKnlvfLkjFmUCqZf6A',43.074578,-89.391498,b'Madison',4.5,1.0,22
b'mQBYABs6w5h3BLcsxn1YuQ',43.074154,-89.391323,b'Madison',2.5,2.0,9
b'zERyZLsAyB47bMZlfUV-SQ',43.075008200000006,-89.3891551,b'Madison',3.5,1.0,70
b'kbJsnDn5GWNMC1XsXpJ5Rg',43.0731947,-89.3829037,b'Madison',2.5,1.0,5
b'SH1c1aFJl0uHVnVPEF-fTA',43.032588700000005,-89.4069988,b'Madison',3.5,1.0,8
b'opdNlNy2oGE2mxuS0SXR1Q',43.07318072,-89.40765654,b'Madison',3.5,1.0,26
b'qkDlRkNfrXE_4t2vMrTo0A',43.070715,-89.38306800000001,b'Madison',3.0,2.0,146
b'6mnjYZM40r67smOXrg6R4g',43.12889904,-89.36005005,b'Madison',3.0,2.0,45
b'd4JTF7OUIMpxpIHVl9wPJA',43.074079299999994,-89.39317559999999,b'Madison',3.0,2.0,194
b'XXNGKunbVfgCJhp7XrkU_g',43.074867700000006,-89.39858302,b'Madison',2.5,1.0,3
b'eI1n8YoS2xKCCpkLQp-CYA',43.120559,-89.305994,b'Madison',3.5,2.0,172
b'mswIIlZm3ji6lLAjI3mKBQ',43.102942,-89.345949,b'Madison',3.0,1.0,18
b'p4qvXkb34X8hgidxEZ33Gw',43.0855448,-89.3607155,b'Madison',4.0,2.0,580
b'FlPAGqTovHc4mEIKJ7Q8Nw',43.0753164,-89.51743979999999,b'Madison',4.0,2.0,163
b'I6iOdOeu3MxxuG6gIhzodQ',43.07413539,-89.45279875,b'Madison',4.0,2.0,82
b'o-D37YVIe0-ravg2HBG8Jw',43.025686,-89.41496,b'Madison',4.0,1.0,21
b'0qh5uSAUDcVzC6hoPsAPvA',43.058182,-89.50349200000001,b'Madison',4.0,1.0,54
b'A5tvf0CSH-QUnpyMI4m5ww',43.0834821,-89.32421070000001,b'Madison',4.0,1.0,40
b'GfYzz2Dnnn0CqeDqROAKTQ',43.0845532,-89.3010694,b'Madison',2.5,1.0,20
b'TAetQMOQ0MCHAZ4hacJrPQ',43.07499310000001,-89.3811037,b'Madison',3.0,2.0,16
b'8Rydf8hXleCwbCN9nvmZ4Q',43.0749023,-89.3967531,b'Madison',4.0,1.0,39
b'8VjuH2GhJXauUigEEX9Q7Q',43.04707591,-89.47639277,b'Madison',4.5,1.0,18
b'ZCiKZMT1kce5Gxbwqcbrmw',43.057893,-89.497039,b'Madison',3.5,1.0,27
b'cFxGP_IC4REtJspMNQ3vLg',43.074895700000006,-89.39575959999999,b'Madison',3.5,1.0,43
b'cVPUJEJqjSR1oHjl2JPHqg',43.074154,-89.391323,b'Madison',3.0,2.0,53
b'z2Etq4K6YwbV7P5ENVYEgg',43.07412479999999,-89.5186653,b'Madison',3.5,1.0,3
b'Jv8Cj0fdN2Mu2uvFVKcGlw',43.0578623,-89.40004609999998,b'Madison',3.0,2.0,63
b'4FdXVA-WxWwc5rmjRPJVnQ',43.1287657,-89.30858,b'Madison',1.0,1.0,4
b'SqkJxRXxn7K1s6FxEQhYsw',43.09491173,-89.36405394,b'Madison',3.0,2.0,11
b'PLiVD2blqBDRzAAd1_RxxQ',43.0649299,-89.4165809,b'Madison',4.0,1.0,62
b'OON-4BXdjJHdk16zhdN4PQ',43.0730621,-89.39354159999999,b'Madison',4.0,1.0,55
b'MC32JA-Yv2ChT_q9TgHyRA',43.0736076,-89.3950083,b'Madison',4.0,1.0,8
b'Fr3Dz0_fOSGBroXEUF9BiA',43.07453039,-89.38053081,b'Madison',3.5,2.0,110
b'xd94CG9wqwLQvPsrSC1l9A',43.093665,-89.345698,b'Madison',3.5,2.0,137
b'AVsiojwcq3X6lSIQkpp8SQ',43.067873799999994,-89.40713520000001,b'Madison',3.0,1.0,31
b'ey27rNqT2dqBqCP36iCNpQ',43.076622,-89.383313,b'Madison',3.5,2.0,92
b'ytX-rw4wwOgmzr1n5RuxpA',43.075171000000005,-89.37861,b'Madison',4.0,1.0,51
b'1BQzXcXFxR6MlVIYmG93kw',43.074723999999996,-89.39259799999999,b'Madison',3.5,2.0,20
b'ozAb1TjLJqRH_3pb8TaPTw',43.130973,-89.297537,b'Madison',3.5,2.0,54
b'n8tzdLv8oREwZF6e8u7Hkw',43.121874,-89.3179828,b'Madison',2.0,1.0,7
b'6_7_aSycZlRsfKENFiIi6g',43.147070899999996,-89.287972,b'Madison',4.0,1.0,20
b'07pQy9z_UNDihUdwrJfjyQ',43.079319,-89.454639,b'Madison',5.0,,3
b'D5XFDNEuLQoLbokLeznaOQ',43.07349621,-89.38322067,b'Madison',4.0,1.0,5
b'Ylw5xdTfPN5L6Uhd54pzmA',43.03229038,-89.45711858,b'Madison',2.0,2.0,3
b'keQlXWfz2K7GukqaReVyow',43.060609,-89.401081,b'Madison',3.5,2.0,165
b'BF4RaOWyjLDa9OvriKc1sA',43.0760533,-89.3767519,b'Madison',3.5,1.0,99
b'kz5UANVmPxpllcoLnZBNhg',43.085345000000004,-89.279863,b'Madison',3.5,2.0,99
b'_tJ1mf_KEL4sx5fh9DTtTw',43.098752000000005,-89.314916,b'Madison',2.0,1.0,10
b'dyJK_XniS782sIhzWS7z5g',43.0420146,-89.39391379999999,b'Madison',4.0,1.0,33
b'kMn3BMwhyi_kG8pYRGqUtw',43.075128899999996,-89.394324,b'Madison',2.5,1.0,6
b'YHCseOJ93wJh0gBcii_2qA',43.061324299999995,-89.3072147,b'Madison',4.0,1.0,16
b'rQl6EuSaEfFLJhMw9lR0xQ',43.05308087,-89.4353247,b'Madison',4.5,2.0,19
b'khHxKm1_x6syS5W2LTX0lw',43.06972127,-89.50248761,b'Madison',3.0,2.0,3
b'jux9zFaGcIRjrMIBaVJsHQ',43.0381071,-89.39301929999999,b'Madison',3.0,1.0,7
b'jc8yrgtHvcNwdhc5HWGQ4A',43.06786298,-89.40123707,b'Madison',3.5,1.0,6
b'MmilEd3oPSD2n6jvBnxd_Q',43.0578372,-89.5136268,b'Madison',2.5,2.0,25
b'K75oPh837az2upKWPS2LUQ',43.074503,-89.394115,b'Madison',4.5,1.0,350
b'zRPAUz1Y2pF9GAKyaGdBlw',43.0755641,-89.3974633,b'Madison',4.5,1.0,28
b'rnCmWkRXSWNgwC6TYGxp5w',43.0768864,-89.38389740000001,b'Madison',4.0,2.0,50
b'9ySFD8tMkeuTclyWfanI9w',43.0828269,-89.4752687,b'Madison',3.5,1.0,22
b'6MkQ454ElyTcMrMLU3qm3g',43.12908715,-89.30415759999998,b'Madison',2.5,,5
b'KAhavksKQwKbMzZHiNOyOQ',43.075131,-89.39444499999999,b'Madison',3.5,2.0,37
b'YcRaEZaqXmrBjDYjGIHYvg',43.107777899999995,-89.3633256,b'Madison',3.0,1.0,4
b'3Z4pcWY2xnyZumGmsoXIVA',43.06815722,-89.39490479999999,b'Madison',4.5,1.0,35
b'aP2L6aSpQEIKAS1sx3G8Lw',43.085104,-89.300966,b'Madison',4.0,1.0,47
b'JmXYTZcMZpcNINM5ldvEAw',43.0920578,-89.35512709999999,b'Madison',4.5,1.0,117
b'dUtSIQouki34zUC2Se-NzA',43.0448,-89.39393299999999,b'Madison',3.5,,4
b'C3R2BmF0YdyOIEd0jsqILA',43.122528,-89.31478299999999,b'Madison',2.5,2.0,23
b'6Z75MVEou08v513A8DUbpw',43.07546,-89.393063,b'Madison',4.0,2.0,92
b'zY5Y1rYbS_6zrs1s5Ea2SA',43.0572515,-89.5055108,b'Madison',1.5,,4
b'DHiXfpd_vSfCCeFXPSucTA',43.098233799999996,-89.3570463,b'Madison',4.5,1.0,135
b'nQNjtPpAHw0A8FZj1hPajQ',43.0748942,-89.3886553,b'Madison',3.5,2.0,59
b'aPv_Hk2yh0A-AceqCuTO9A',43.09836423,-89.35706161,b'Madison',4.0,1.0,12
b'UNPkYPoR-zPfnpTL6GVgzQ',43.0680526,-89.4087702,b'Madison',3.5,4.0,6
b'FTo64sohiSRBRM9e9NzeAQ',43.0825782,-89.36491840000001,b'Madison',4.0,1.0,35
b'o_nzVUVvwBYl3itDdzMddw',43.0319789,-89.46042609999999,b'Madison',4.0,1.0,23
b'QwGV_v3s9eOMzfWrFLUf6A',43.0747957,-89.44410490000001,b'Madison',3.5,3.0,87
b'8PCFk6ZKDm73Ag42C8XtGw',43.049647799999995,-89.5027501,b'Madison',3.5,1.0,15
b'OoI3WUe4Xl86d53avy3oVA',43.0805044,-89.3685777,b'Madison',4.5,3.0,339
b'4mYNxIZan0vuTqZ9BS7__w',43.0177969,-89.4233931,b'Madison',3.5,2.0,14
b'zINKP9rtvo2IUKTZoYJUvQ',43.074337,-89.387364,b'Madison',4.0,3.0,237
b'arWSu95pE-EV4bZRTd-lTQ',43.055991999999996,-89.3976859,b'Madison',3.5,1.0,5
b'iiEjVLb4JDLE2xl8YGR-Gw',43.06081563,-89.40100708,b'Madison',3.5,2.0,28
b'EvT9WywIVoi1p0GaoGteTg',43.049545,-89.5027583,b'Madison',2.5,,6
b'VrE8b5u-ai47W__Diw_mKg',43.0745706,-89.39406170000001,b'Madison',4.0,1.0,35
b'7oG9TB-SFG9Tpo3QvrYIUQ',43.0814961,-89.37369620000001,b'Madison',4.5,2.0,12
b'_xcDTH9G4LDqADfpmok6SQ',43.0144669,-89.42753859999999,b'Madison',2.0,2.0,4
b's44Pr0mXmAtxiRqz_m9CPA',43.149324,-89.399159,b'Madison',4.0,1.0,27
b'E4HlcOykIxIDiJyUKO-eIg',43.0159883,-89.5114728,b'Madison',2.5,1.0,20
b'V80NaT5ZnfuA31yW3Y5Pdg',43.0747316,-89.3862126,b'Madison',5.0,1.0,23
b'6tTv835MSguUBDpDtVRvMA',43.129593,-89.309073,b'Madison',4.0,1.0,94
b'P3pgWKV7j_ea-UqIaOnvvg',43.036897700000004,-89.3882153,b'Madison',4.5,1.0,20
b'B0KLBjiTkR4gz-fYDYv13A',43.1073114,-89.33093819999999,b'Madison',4.0,1.0,56
b'EWcCj1D3K1NnEgYD_LjgDQ',43.1229341,-89.30900679999999,b'Madison',4.5,1.0,64
b'_VG3IAIbXdends4ATxlEiA',43.0395114,-89.39466390000001,b'Madison',1.0,1.0,6
b'Ev142kLmV_ASI9iAl-KfKA',43.06713,-89.414179,b'Madison',3.0,2.0,30
b'R-9gUTN8BJIDqGgzXEmq3Q',43.05862020000001,-89.5122609,b'Madison',3.0,2.0,20
b'q7O9lH4PaBZj3FTIhRYnkQ',43.049545,-89.5027583,b'Madison',4.0,1.0,30
b'_n7WS5jqFs89WHOINineqg',43.05628970000001,-89.3890061,b'Madison',4.5,2.0,79
b'X5valo7w5BVwFn4lZ2P3Sg',43.0715645,-89.52450259999999,b'Madison',4.5,1.0,4
b'NDZAQuVpv_KZuSjKYpXf5Q',43.075514,-89.395657,b'Madison',3.5,2.0,17
b'ubEa6XiMt6gOJ9xsUkbpEw',43.07528946,-89.38236003,b'Madison',4.5,4.0,223
b'ow93ue9XJa0uesCmdnRhEw',43.0354313,-89.444136,b'Madison',4.0,1.0,16
b'MWYJl-bIxhtQ-4Kg3ENUxA',43.0614686,-89.4964192,b'Madison',3.5,2.0,79
b'hNpUT1RRuE6rj-QvnZvVqQ',43.0874279,-89.35867890000002,b'Madison',4.5,2.0,21
b'jDooRCbkYH74g5Tnw-SwrA',43.067353999999995,-89.4130592,b'Madison',4.0,1.0,95
b'O2ZnBnTqw6Xi95ogL0hBEg',43.07305170000001,-89.4012302,b'Madison',4.0,1.0,10
b'jE5lfHPvsuNCJijXWaPqTw',43.072474,-89.38073100000001,b'Madison',4.0,4.0,19
b'nJClfvVwSrr2uuo_y2wO4w',43.0530217,-89.48637430000001,b'Madison',3.5,2.0,118
b'vR5Hppx__U_VXObK8VPLOw',43.0742022,-89.3862015,b'Madison',4.5,3.0,245
b'8cUCAdu2gFBjdWDKWaetRQ',43.0717445,-89.38040179999999,b'Madison',4.5,1.0,15
b'ZjMNad9hCvBJficJA0bFRQ',43.07428970000001,-89.4374308,b'Madison',3.5,1.0,19
b'mtjvQctnZEB-c__x5LXCvA',43.0748641,-89.3954296,b'Madison',3.5,2.0,27
b'kjV76iCWwQedixbRIvC9gQ',43.0917679,-89.36019559999998,b'Madison',3.5,1.0,3
b'eRGTss9r2Et8s_1UiPBKOg',43.06768196,-89.41018725,b'Madison',4.0,2.0,14
b'NrpgcAPTAtMNoW4O_G0rwQ',43.075140999999995,-89.394958,b'Madison',4.0,1.0,15
b'lzD08INl2DDUcDGHXsMkmA',43.0751696,-89.3935408,b'Madison',4.5,1.0,5
b'cjKl-UhaBcqAMN-fPAlA_w',43.063973299999994,-89.4189097,b'Madison',4.0,2.0,6
b'aRIZPbrHwnM04TTXLYrFMg',43.073189,-89.525189,b'Madison',4.0,3.0,250
b'CFnO6hcjUAT7RoUdbGsEPQ',43.127956700000006,-89.36125429,b'Madison',3.5,1.0,14
b'l40bwGID1swnFoX-PvmTEw',43.1206789,-89.3096139,b'Madison',3.0,2.0,9
b'mzq_UgBRWsxTjb7oBNajWA',43.0711419,-89.4523269,b'Madison',3.5,2.0,182
b'tZOMMBJEzkJo6okIwG1Pmw',43.13607688,-89.34579951,b'Madison',2.0,2.0,33
b'MSrcYJoM9cNLS9-wfTZX3w',43.072493,-89.42778,b'Madison',3.5,2.0,5
b'lw_vRdg4qUprQEgWDG6czQ',43.132076500000004,-89.3015005,b'Madison',3.0,2.0,29
b'Ib2-QQytp9eqwaOgY_zeYw',43.09843453,-89.36446667,b'Madison',4.0,1.0,57
b'z9lOfnUorcbWR_xS0DSeHw',43.074411100000006,-89.3936466,b'Madison',3.5,2.0,156
b'yLrCSSrSnpxB-0ZEPt19jA',43.07477465,-89.39086082,b'Madison',3.5,1.0,94
b'cPfnF9PAvVjamEdZM3wTzA',43.1137364,-89.3637805,b'Madison',2.0,2.0,11
b'3wW0ls1tLyYabs2lwEndzA',43.076622,-89.383313,b'Madison',2.5,1.0,5
b'wbia2cGn5pUSCZGLYTu0kw',43.075514,-89.395657,b'Madison',4.0,2.0,10
b'YgBQEX8dB27FdYj7PaPhPw',43.052915999999996,-89.435789,b'Madison',3.5,2.0,159
b'K3790-2nF-iHvfPMnthLaQ',43.073137599999995,-89.4092065,b'Madison',3.5,2.0,5
b'OnKyFU0FsiPVd8Jwl6st6g',43.07343138,-89.38494229999999,b'Madison',4.0,2.0,176
b'r4RCtOZxp0nXpuoN_Usd1w',43.0529395,-89.48618459999999,b'Madison',4.5,2.0,6
b'tt96sjIQIKgtGEvRHhLfBg',43.0562518,-89.50108399999999,b'Madison',2.0,1.0,11
b'p4h2-y4muYzTr94pBT4mZg',43.124969,-89.313502,b'Madison',3.0,1.0,4
b'NiNRA6t16CtUQKopLV1GBQ',43.07356589,-89.52679350000001,b'Madison',3.0,1.0,19
b'AQpa7zmLctO7b9mdFU-_Og',43.03403643,-89.54410213,b'Madison',4.0,2.0,14
b'K6YZd1zjr700Wb5-Ng3Dmg',43.0757768,-89.51867170000001,b'Madison',3.5,1.0,51
b'KBWpa4uN2ke1t2cp27r9tw',43.0749089,-89.3973684,b'Madison',5.0,1.0,6
b'jqNfrXF4e1JjxU3WNj73SA',43.056323299999995,-89.4946584,b'Madison',4.5,1.0,7
b'rIgbi8lCr85UIKSQDVetZw',43.049027200000005,-89.3370562,b'Madison',2.5,2.0,41
b'EOlHhLgp32dCdSlsMpiG6A',43.0746782,-89.3943516,b'Madison',3.5,1.0,63
b'SPFu6EgRI8PwVuoHEzCgdw',43.034524700000006,-89.44551899999999,b'Madison',4.0,2.0,5
b'xkdgCrkgfbI80Htst6-Lbw',43.05042263,-89.47474569,b'Madison',3.5,2.0,81
b'w5eLKjDBu8N_tHtXKe4j-g',43.074790500000006,-89.3908156,b'Madison',4.5,2.0,8
b'wOZUfs_p_AO1zXGkBcX2Bg',43.083999999999996,-89.3162,b'Madison',1.5,2.0,11
b'caMVCmuEG4rIV8HtTdU9jA',43.01539289,-89.48246731,b'Madison',3.5,2.0,118
b'VMPSdoBgJuyS9t_x_caTig',43.083166,-89.364985,b'Madison',4.5,2.0,255
b'fdX_eu-dCaKsDaK_itNIzQ',43.0747684,-89.3904622,b'Madison',3.0,2.0,155
b'NXTsT01IVpKYPpa_1L-Rlw',43.052318299999996,-89.47430809999999,b'Madison',2.0,2.0,31
b'wt6SJHPEknFUWjn67_wKoQ',43.097994,-89.320026,b'Madison',4.5,1.0,73
b'eab04KSBbf30FqB4cH8erQ',43.079822,-89.36867099999999,b'Madison',3.5,2.0,324
b'NMXig2HCB_sa0E1OCZj-KA',43.079131,-89.323261,b'Madison',3.5,1.0,16
b'-73xAVllMh_O2nEAcGtbvQ',43.132307,-89.300914,b'Madison',3.0,1.0,7
b'LZGqCuTxaCbzgjv3N4xnWg',43.01918320000001,-89.4200875,b'Madison',3.5,1.0,5
b'j1i7s55PmOFzJC3l6O8PiA',43.067569,-89.41072700000001,b'Madison',3.5,2.0,41
b'kWItkhjHRuzfC11CP1E0ZQ',43.0830876,-89.47549620000001,b'Madison',4.0,2.0,36
b'jte_XM9Zo7TX86jlKwq5gg',43.059277,-89.512156,b'Madison',4.5,2.0,52
b'tSzIHI6ioblP1WEQAQNbhw',43.0745126,-89.3933663,b'Madison',3.5,2.0,83
b'9urG14qwHtGRpQQUYY2y9A',43.08336920000001,-89.4759564,b'Madison',4.0,2.0,147
b'3aEASdWGHArGCQH-7don3A',43.07051,-89.3254733,b'Madison',4.5,1.0,23
b'Woqed5Fw95J6oEZxIHiBgg',43.07475431,-89.38133508,b'Madison',4.5,2.0,114
b'9w18Hgg_UmI18YyVTP_E3Q',43.0751082,-89.4476881,b'Madison',3.5,1.0,68
b'Hc7tSaIHva8WLyBlPDsEjg',43.075185999999995,-89.390129,b'Madison',2.5,1.0,21
b'ewEDv_q-K0fV0FepkHB8sA',43.07243,-89.38434000000001,b'Madison',4.0,3.0,416
b'UzSXgaJjOrtdWATtzgPWqQ',43.0925288,-89.3538449,b'Madison',3.5,1.0,17
b'M8jR5XMgr2jWrs_EYtaAeQ',43.06769439999999,-89.4107334,b'Madison',4.0,2.0,13
b'3uwz62lHoUqKXDDbwErRfQ',43.04541242,-89.47394002,b'Madison',3.0,1.0,22
b'ih3ddtApyqb6W3T1mkdrag',43.075946,-89.446009,b'Madison',3.0,1.0,22
b'BuS11AF9XSHEShscxQEzeg',43.0741182,-89.3815111,b'Madison',4.0,2.0,503
b'lbFkq0Ac2nXeeWBCJ0jZRA',43.133103000000006,-89.299181,b'Madison',4.0,2.0,50
b'58c9tCvjkDRONJq8h6NLzg',43.125728,-89.299717,b'Madison',4.5,1.0,13
b'Amo5UhXRFce_fegUnFEnMA',43.0578984,-89.42730829999999,b'Madison',3.0,2.0,41
b'nfxPOAs7FxnLZHKBpP6S5A',43.078669899999994,-89.3783321,b'Madison',2.0,,4
b'apDt7MWwZVmh_R1t_WVBzw',43.0736131,-89.3947782,b'Madison',5.0,,3
b'NiBzh0kHusvH5rdnpm7yVw',43.076603999999996,-89.3745656,b'Madison',4.0,2.0,193
b'xOx-N9G7AteZTnZfVFfNHA',43.00619277,-89.33479072,b'Madison',2.5,2.0,23
b'NYf9TKBKPpa1wkA_uwIlfg',43.08325272,-89.36431646,b'Madison',4.0,2.0,443
b'6_YR7epdhDWU_E5Hj4nZrA',43.073953700000004,-89.3911446,b'Madison',2.5,1.0,6
b'ecM2lSLuZhxZKQdGZWMOFg',43.0720834,-89.42886800000001,b'Madison',3.5,2.0,55
b'yvqMh9kTv3Kx-tocc0DFBQ',43.084781,-89.37620799999999,b'Madison',4.0,1.0,141
b'naPGOTVEpRZavvn9-sFg8A',43.080058,-89.369407,b'Madison',4.0,2.0,209
b'2-LcaW9vRqBLKe-5Y6ljVA',43.0792775,-89.38982879999999,b'Madison',3.0,,3
b'Dy99p5bWfr6g0UtlmPjDqg',43.07438058,-89.39035200000001,b'Madison',4.0,3.0,126
b'cMybOpJd352Cb6y9SeVhPw',43.0760472,-89.38380529999999,b'Madison',3.5,3.0,200
b'9h-dDy31vMwnlBoX3A7SSQ',43.058414,-89.495487,b'Madison',3.0,2.0,20
b'bCosDkhWzMJupoRV2be-VA',43.046873299999994,-89.3547473,b'Madison',3.5,,7
b'Tiy_skxHMvNCpyzAIqv6qA',43.0607561,-89.50679190000001,b'Madison',3.0,2.0,31
b'Jrwc8lczFNNXOMolie1amg',43.069519899999996,-89.38961379999999,b'Madison',4.5,1.0,10
b'XmsBtCykUtObXg4Q1mYpvg',43.07509405,-89.38209146,b'Madison',4.0,2.0,898
b'-IoO4qZCdIQNgj2vCt9hqA',43.0741778,-89.3919536,b'Madison',3.5,1.0,37
b'xVpE01l6ZXdEtVf5PkRpDg',43.08102166,-89.37400635,b'Madison',4.0,2.0,94
b'izzrCdvwa1TT8rBsE7Ch7w',43.0752904,-89.4443184,b'Madison',3.0,1.0,5
b'aQYLi9BmN0KcLmK4OB_-SA',43.06037020000001,-89.40100140000001,b'Madison',2.5,2.0,6
b'I2BCOAwqJJIfUX-NzPbNjw',43.076105,-89.5186896,b'Madison',3.0,2.0,8
b'JtJnFY3tThBoxpDMxLFLow',43.03836015,-89.45190292,b'Madison',4.0,1.0,41
b'i60v66vwf1A13YqcIqGD_A',43.092420000000004,-89.3518969,b'Madison',4.0,1.0,454
b'rck304cyCwAxQbUAOuuMwg',43.1266792,-89.3087635,b'Madison',3.0,2.0,26
b'aiI4CxuCeIj_BnGaJyU1dg',43.0768864,-89.38389740000001,b'Madison',3.5,3.0,47
b'Sh_c-UZ8Tk_H1porVieNmA',43.072664,-89.3840056,b'Madison',4.0,2.0,91
b'u84eyOBILlFQIc8fMFCoig',43.06013667,-89.50886789,b'Madison',3.5,1.0,36
b'px2hJjx46o5OoTud_AdUHw',43.052538500000004,-89.47594029999999,b'Madison',3.0,2.0,10
b'1a3Pkkwb7yB_vmxgKwmqXw',43.074312400000004,-89.3889671,b'Madison',4.0,3.0,172
b'aLZTOa5e2ON9mmDQcw6GtQ',43.06017473,-89.50340337,b'Madison',2.5,1.0,19
b'JexI9opGP2n_Xv6IKnN0Bg',43.07357460000001,-89.3929228,b'Madison',2.5,2.0,17
b'jaoFwU5mqxtw2JpZrM73Yg',43.0746726,-89.39396509999999,b'Madison',2.5,2.0,34
b'6NWSeAEufOHDklHbg4PAww',43.07732,-89.3799,b'Madison',3.5,2.0,19
b'tr7wv-dDSQBdMzEqEJILQA',43.0744019,-89.379518,b'Madison',3.5,3.0,7
b'9BohUwW-fTfcpiBT782Fkg',43.074611,-89.3923329,b'Madison',4.0,1.0,21
b'_j0xNyOAtLI7iRF4GStBgA',43.05802917,-89.51121734,b'Madison',4.0,3.0,30
b'DCab_cz7nDDW-IPsnKGb_A',43.0756343,-89.44463509999999,b'Madison',4.0,1.0,67
b'4y8KM5Hq0HOm6M0w7O-m4g',43.07169212,-89.38095961,b'Madison',5.0,3.0,13
b'GEL7svZLFqx9NWq3aOtz_Q',43.0745126,-89.3933663,b'Madison',3.5,1.0,30
b'H8NK_pWGq4i3L92ZpaUaGg',43.049547100000005,-89.47407709999999,b'Madison',3.0,2.0,18
b'oSrTdvRGrJ24ofcquIFoPA',43.12485637,-89.31014727,b'Madison',4.0,2.0,217
b'nnGqETrosXjIcqP4CFUK8A',43.0970739,-89.3147771,b'Madison',2.5,1.0,7
b'4r9BwC-nkDRMXEIy_bqNbg',43.0929786,-89.3516285,b'Madison',4.0,2.0,73
b'-D9NFU_SZpp5J7VCSsPp1Q',43.074475,-89.393396,b'Madison',4.0,2.0,49
b'RGLC87HVaASIYLxh2RL4hg',43.1154886,-89.3249625,b'Madison',4.0,2.0,100
b'BXQKPvzAFDOOXDQzxIU6RA',43.0748766,-89.3953986,b'Madison',2.0,1.0,14
b'bLh4ysq5RsbzCNSjqHhwyw',43.06755379999999,-89.404317,b'Madison',3.0,2.0,62
b'GnSZknS80ioXMziHGy4QFA',43.083644,-89.317713,b'Madison',4.5,1.0,21
b'xtDZdPaHwhAwoo77QV9Oeg',43.0746502,-89.4516163,b'Madison',3.5,3.0,112
b'-pV9kWNoA9vyHfM_auYecA',43.075216,-89.386276,b'Madison',3.5,2.0,362
b'dTtMrvC0UoDV-3-8diJYLw',43.082053,-89.36642990000001,b'Madison',3.5,2.0,114
b'IRfYEXJBQXxIN2d5pD_jKg',43.12599591,-89.30790486,b'Madison',3.5,2.0,143
b'3GKCKWw4O6JmM4HejYEQcg',43.084874,-89.309364,b'Madison',3.0,,3
b'dcfh1BEj4EXKqA16zi0TiA',43.102110700000004,-89.34667009999998,b'Madison',1.0,,3
b'vn5f16PcHU-feucWgK7r1g',43.061162100000004,-89.4011106,b'Madison',3.0,2.0,93
b'1PUPTbQRums97s6yfTnA5A',43.1415824,-89.2849424,b'Madison',3.0,2.0,46
b'imBVeP4aA-aLTdPD-t8_WQ',43.0945835,-89.3641631,b'Madison',3.0,1.0,30
b'cgoS2M0ghmdAQM1fvf-I9Q',43.0729696,-89.4080713,b'Madison',3.5,3.0,48
b'npqc1DO90A5TzavGmYyGhA',43.067680100000004,-89.4015806,b'Madison',4.5,1.0,185
b'nM2Jl9GS7IGlluey8ieivg',43.12540795,-89.30969877,b'Madison',3.0,1.0,39
b'SBnpT6JDbah-5l_52GM5sw',43.07586197,-89.37462701,b'Madison',4.0,2.0,380
b'W_9ophRRWO924hn1S-y2Hg',43.0714329,-89.52448028,b'Madison',4.0,2.0,66
b'LG6vpg5Qx_DstY2aT8-O4Q',43.0745126,-89.3933663,b'Madison',3.0,1.0,74
b'mJAhCy5XbkaeQqMN05h4Yg',43.060838000000004,-89.4966755,b'Madison',4.0,2.0,66
b'CRD6zKJSRbkiwTPYMIaavA',43.093770500000005,-89.3452006,b'Madison',2.5,2.0,10
b'TQSgOs4gahJ9g8Y_-whMsQ',43.106654,-89.351617,b'Madison',4.5,2.0,32
b'162qe4ekI6ylZg_EYp3MPQ',43.098801,-89.315714,b'Madison',1.5,1.0,7
b'ToHFgQaDd_wJ6tAvVJHgoQ',43.064708,-89.416916,b'Madison',3.0,2.0,9
b'di6TE2800MRMLomLFsmfrg',43.05863346,-89.50495486,b'Madison',4.0,1.0,9
b'Y2Z1Ig5I1E3PSU_GQQUW9Q',43.0472739,-89.5031023,b'Madison',3.5,1.0,53
b'Y2TCGnkXJ1BmxMKLR1r8Jw',43.1424343,-89.2963512,b'Madison',3.0,2.0,5
b'6mqfcZI2I6Y8QGBPiFAsnQ',43.0746726,-89.39396509999999,b'Madison',4.0,1.0,11
b'EP0mnDzQiA_sRTRlYBs4hg',43.0612084,-89.51920679999999,b'Madison',4.5,1.0,28
b'YsxyAYrg2LdMvf7nhp39Ow',43.0609491,-89.4968068,b'Madison',3.5,1.0,20
b'1GGLx6k4SgM-MykB5TTiJg',43.036029600000006,-89.41503859999999,b'Madison',4.0,1.0,47
b'EiHj4zrEOA8SlMO69qSHZg',43.070096,-89.3253969,b'Madison',4.0,1.0,4
b'9XtyBTgenMERfl4hDgnDwA',43.1137346,-89.3637978,b'Madison',4.0,3.0,3
b'sUGlSS0AF2xPYFEjvKJbSA',43.055999,-89.4977688,b'Madison',3.5,2.0,42
b'XKaEQFtKnU3_Gaduje4Nhg',43.0395521,-89.27197290000001,b'Madison',2.0,4.0,22
b'jP6xmjbQRfUitOmv5PKuJA',43.07511236,-89.38156676,b'Madison',3.5,1.0,7
b'upI-oDFUBr_P9Q_waV7rmQ',43.071765299999996,-89.4081342,b'Madison',2.5,1.0,12
b'oezMXnkdUQMuMH7RuKaiyw',43.0748734,-89.39645240000002,b'Madison',4.5,1.0,179
b'Ps5mrcu_E17YBC7Tl75X0w',43.04953571,-89.39312842,b'Madison',4.5,1.0,11
b'xStWlT67YUdrdhfrNP0eQQ',43.0882262,-89.3651239,b'Madison',2.5,2.0,71
b'di8-ZPAvExDPfttxMs3_JA',43.074349,-89.393575,b'Madison',1.0,1.0,4
b'TLTawnc8rVosRV9z5-8oOw',43.074897,-89.39598170000001,b'Madison',3.0,1.0,5
b'zx_eg_zbs2pyDU4QmCXE1Q',43.123819,-89.315267,b'Madison',3.0,1.0,6
b'Ed5feP-TztmLtc4pRKDvNA',43.0699604,-89.32590429999999,b'Madison',3.5,1.0,13
b'X2Lb7fTmuyXwU3O19F5aZA',43.0923911,-89.3610073,b'Madison',2.5,2.0,9
b'TmzUG5kgxezUsfNYu5Z5cw',43.0749199,-89.52955370000001,b'Madison',4.5,1.0,7
b'WCMt5LU2NnkmzjKNhTB7UA',43.083265000000004,-89.32132,b'Madison',4.0,2.0,7
b'RpJJeDl84FKx4-FwwY2w0w',43.075612899999996,-89.3865836,b'Madison',3.5,2.0,19
b'tsDdetbc4qtzgAPtcLH87A',43.0626068,-89.4008937,b'Madison',3.5,2.0,107
b'P3Nl2QTfUtoe8-alSSh-9w',43.03453629999999,-89.4221744,b'Madison',3.0,1.0,49
b'SHoUzvH_XnVzU6i_YR48tg',43.0608461,-89.4008675,b'Madison',4.0,1.0,9
b'Lku_keJf44D0LxbRAIZOcg',43.07325938,-89.40930348,b'Madison',3.5,1.0,53
b'ymGn0eZHFM0bI8Ig0EVXWg',43.127123,-89.36310295,b'Madison',3.5,,3
b'iRHTFqobTR2mQaDg2-Yojg',43.074578,-89.391498,b'Madison',4.0,2.0,27
b'_9oVB-ICuyxfnK8JGpiwKA',43.0848133,-89.3760907,b'Madison',2.5,1.0,3
b'Cs7Zny0ijnyE9nZWSLBnAg',43.0745924,-89.3993421,b'Madison',4.0,1.0,20
b'3ixWqNb_sort966Ouxc5vg',43.084874,-89.309364,b'Madison',3.0,,9
b'GLUwW6rCrMTAX2QbUpye-g',43.07398995,-89.38302755,b'Madison',4.5,1.0,18
b'aUrOyWFKxKeVXiFzwbTXSA',43.0922989,-89.355528,b'Madison',4.0,2.0,234
b'RGCiOM52mBI6_Wyfx2xO6A',43.073988899999996,-89.4727397,b'Madison',4.0,2.0,66
b'SMtnQ_KdWUL36t3nV497uw',43.073191200000004,-89.39582209999999,b'Madison',4.5,1.0,10
b'dpblBM884TnUQQ5xusFMlg',43.038061799999994,-89.4515848,b'Madison',4.0,1.0,9
b'T-LEmkUd0PEUC0R_eUb7Ng',43.0747393,-89.3813418,b'Madison',3.5,2.0,18
b'krsjoEks-XF-PLKjOJW66A',43.046873299999994,-89.3547473,b'Madison',3.5,2.0,53
b'GeRCq7Y4SI54tDEjIaanPQ',43.0979375,-89.3201948,b'Madison',4.0,2.0,6
b'R_wOzSC7CWl38RLtbf-rQQ',43.072631,-89.384011,b'Madison',4.0,3.0,5
b'FhHD0Y_TPysnHOfB8uS6eQ',43.0365968,-89.388805,b'Madison',3.0,1.0,20
b'sWWMidrpQmXOhCTrs6xAZg',43.0726193,-89.3805114,b'Madison',2.5,2.0,6
b'rECtpzeqtOdR5gIWiXoGfQ',43.084154299999994,-89.3633455,b'Madison',3.5,2.0,54
b'zjkZ0apVnRKpF_vSyGNkQA',43.073567600000004,-89.3954823,b'Madison',3.5,1.0,18
b'bqNV9FU60H9BVPJ4kWptOA',43.071333100000004,-89.4059595,b'Madison',3.5,1.0,4
b'lwGYjicqmjZqbPq_ZPS3_w',43.0515656,-89.4737468,b'Madison',3.0,2.0,6
b'QJOr35t_jz9OPQ6IczMGJA',43.057089899999994,-89.5093181,b'Madison',3.0,1.0,9
b'AR1w3ragHgRvnU71A7aaZA',43.075183200000005,-89.39363459999998,b'Madison',3.0,2.0,56
b'1AbuJiCPu-mOJUPjQIpuLw',43.071195,-89.452743,b'Madison',2.5,2.0,8
b'VO2WD2hE1jLyNFCja3XlGg',43.091106599999996,-89.35565279999999,b'Madison',4.5,1.0,55
b'nTj1Yi5TyRErrP8k8H3C3g',43.111265,-89.363442,b'Madison',3.0,2.0,53
b'EgtyW19V-64c6PmRuvzSEA',43.07444548,-89.38006371,b'Madison',4.0,2.0,662
b'L7ruEZJO8tGQIHPxGTztAA',43.06042268,-89.49671618,b'Madison',3.0,1.0,24
b'GRBJc51ofoVZWpLOs16a1g',43.05854104,-89.50517803,b'Madison',4.0,1.0,14
b'c0mV9byVqQMERBojaFmuWA',43.075041,-89.387383,b'Madison',1.0,2.0,3
b'iIok1p4qnpGAa07xoaXRQA',43.0755039,-89.38588440000001,b'Madison',3.0,2.0,126
b'MLwVTDhM2DOESvKGcfKCsg',43.092519,-89.353881,b'Madison',4.0,1.0,70
b'tAsTOl-mrPX3kiiyz1a1TQ',43.07491233,-89.39733159,b'Madison',4.5,1.0,3
b'3EkVn5_YsP0q6LvMfTsVuQ',43.0697329,-89.39367800000001,b'Madison',4.0,1.0,4
b'kVXyz0mYd7NaGuGdM_VMeQ',43.0559997,-89.3976912,b'Madison',4.5,1.0,84
b'kUtQT0IgfJaBE-5uP0r4sQ',43.075139,-89.394834,b'Madison',2.5,1.0,46
b'F0Wv3QMEXhX3vknb5SPqCA',43.0761711,-89.51836829999999,b'Madison',2.5,2.0,4
b'DWPAFq8HdzGzo2vhKixDJA',43.0419642,-89.39391409999999,b'Madison',4.5,1.0,16
b'FnTbrBUCuaSOlWnovTgMjg',43.065377399999996,-89.50304200000001,b'Madison',2.5,2.0,41
b'k0sfr75fgFpwwf_BBdnm9w',43.0494521,-89.5027577,b'Madison',4.0,2.0,5
b'Wc1TtSuRgHXW8CLR7Rs7TA',43.0753713,-89.3902256,b'Madison',4.0,1.0,72
b'1lujZNJqP5s966L0PRmRrg',43.05258189999999,-89.4724364,b'Madison',2.5,1.0,11
b'8RxwEbhxRResGQUwsZujAw',43.0748357,-89.38126,b'Madison',3.5,2.0,30
b'DTsCHmHjqWXBCzAkg0YzAA',43.1259931,-89.31135079999999,b'Madison',4.0,1.0,21
b'ZS9nhMMn6KdvdaB4L4G3vw',43.075391700000004,-89.3989853,b'Madison',4.0,1.0,13
b'OHlWeG019fqPbvYO5ZDEqg',43.072439,-89.38461,b'Madison',4.0,1.0,17
b'DEF77d-_S0UT2OI-njM5fQ',43.107113399999996,-89.36325529999999,b'Madison',3.5,2.0,85
b'7iZYl52Gtica73shRYsuMQ',43.07379578,-89.38260035,b'Madison',3.5,2.0,93
b'rK07YAIZJBFrvx7Z5k39_g',43.0745706,-89.39406170000001,b'Madison',4.0,2.0,16
b'adU58x75VWjbsyFdoO_m3w',43.057191100000004,-89.50546690000002,b'Madison',3.0,2.0,138
b'y2I0Yt6yr48ZgUvR3Pe7Fw',43.014844700000005,-89.498338,b'Madison',3.5,,7
b'scCQqfGfHipwVV43opvMJw',43.0843504,-89.2998225,b'Madison',3.5,2.0,4
b'7Km9UXolK9vEeBDNqTl5DA',43.13620856,-89.34562683,b'Madison',2.0,1.0,4
b'5P73h8f_5q-00YIIkUX4WA',43.06017176,-89.50852596,b'Madison',3.5,2.0,138
b'ITieHQ8UwKq74FnqTKnPOQ',43.0791526,-89.3838875,b'Madison',4.0,1.0,40
b'nVw5MK7dBw_JzoH82DCfJw',43.075319,-89.386145,b'Madison',4.0,2.0,31
b'QvvcftkmPXdsBMbhGY293w',43.10288679999999,-89.3447941,b'Madison',5.0,2.0,3
b'Xc3Y8_cWBnMVXvoJmGCh4g',43.0804585,-89.3685384,b'Madison',3.5,1.0,13
b'mEuXIK4Njq37DBLmMlz_0g',43.0627666,-89.3074804,b'Madison',2.5,,3
b'8Nu0oc2gCzTG4KA-sHa5lA',43.066922999999996,-89.52470354,b'Madison',4.0,1.0,8
b'9Hn3FW37916i3ED7sLZCQg',43.0714537,-89.3943638,b'Madison',3.0,2.0,24
b'Twcjx4ofM9GWwXN6LVGSzw',43.0742365,-89.3810119,b'Madison',4.0,2.0,445
b'S4NHg4GZD35HzzibJAxXDw',43.074718100000005,-89.38621309999999,b'Madison',4.0,1.0,33
b'YDjpFw_K46BW9Wf9c8izzA',43.0727654,-89.4248377,b'Madison',1.5,1.0,3
b'GqVYiZNJnuLV7I4u3u3PDw',43.092071399999995,-89.3535202,b'Madison',2.5,,3
b'OBLv8e0RvwqBl0Gkoj-bDA',43.057148,-89.500764,b'Madison',3.0,3.0,66
b'WhUaO6USElivcM-xxlsscA',43.0794866,-89.3693954,b'Madison',3.5,2.0,22
b'pTvL6Upfp91J1ryrCZpzgg',43.0548686,-89.39684940000001,b'Madison',3.0,1.0,51
b'MuLF5vPE73lGydhv-6xbtA',43.07834429,-89.47128966,b'Madison',3.0,2.0,20
b'cxyDANKI4ptp9VdbgEtCtg',43.075612899999996,-89.3865836,b'Madison',3.5,2.0,18
b'HO2knNxcc_8lFtgGxN8q2A',43.0718107,-89.39552090000001,b'Madison',3.0,2.0,143
b'lqtybK6_GjSqhK8U55Mc7w',43.0752466,-89.43766668,b'Madison',3.5,2.0,127
b'gwKOawUNlVvt-b38LNgpLw',43.073447200000004,-89.39629240000001,b'Madison',4.0,1.0,4
b'58bwmkEtGJqe7ei5kssczw',43.0309979,-89.405433,b'Madison',4.5,1.0,4
b'EtFtF_FPvqpeTlbj9zFfmA',43.03713870000001,-89.3794918,b'Madison',2.0,,5
b'91Y6ASRhkDz3mJG9ezGNiQ',43.0749778,-89.4137655,b'Madison',4.5,1.0,62
b'y1H7Q7rN9JmySXvwDVYD8A',43.073238700000005,-89.5267317,b'Madison',2.0,1.0,22
b'RJdV7djZZeH3jJadPhgVvw',43.0748088,-89.3910219,b'Madison',3.5,2.0,54
b'hII_nAeCvz-qlyuvbNI1Ig',43.1293824,-89.3041179,b'Madison',3.0,3.0,4
b'c26Nbb6i7OeMCvg7Cs4QSw',43.07499701,-89.39794734,b'Madison',5.0,1.0,16
b'2koGK8csbE3AIFf7r2dMNw',43.0497626,-89.50276690000001,b'Madison',1.0,3.0,4
b'uSANDilamc1QSiCinFSKYw',43.05775833,-89.51388891,b'Madison',3.0,2.0,50
b'Ti73jdAF8zrVEkSLyzfOag',43.049283700000004,-89.47363059999999,b'Madison',4.5,2.0,46
b'u_A58uX7x7AEOKOboFGFpg',43.117764799999996,-89.3183402,b'Madison',3.5,2.0,7
b'mOzxFBAHWwpuH7u5xP0oHw',43.074663,-89.39078549999999,b'Madison',3.0,2.0,126
b'-9CvNuJ35elp7YwIy4xHDw',43.07305170000001,-89.4012302,b'Madison',3.0,,6
b'v3Ec04i6x7NC1B7YFoA4GQ',43.10412422,-89.3427676,b'Madison',2.0,1.0,20
b'm3Gjw27yTlmNYG1cuTWlBw',43.07449973,-89.39563478,b'Madison',3.5,2.0,19
b'ccVFmV2l3xPS4CCcLPwpkQ',43.0754933,-89.3821022,b'Madison',3.0,2.0,22
b'lUBlgJ-rDDdwpi6d38L2tg',43.074921999999994,-89.39103,b'Madison',3.5,2.0,53
b'38VHBCYylBFmTQ0cFeCdAQ',43.0730139,-89.4054731,b'Madison',5.0,,3
b'5922_DJ8lQXaJva0XOlyXw',43.076513,-89.4317035,b'Madison',3.5,1.0,10
b'Wf7AV7JbR52qABil0bU8NA',43.07928989,-89.39058581,b'Madison',2.5,2.0,62
b'iSOaf_-deg1nIlCm3cuzvg',43.07292487,-89.3804935,b'Madison',3.5,3.0,66
b'VDvcxFhe3NttPUzftJmHjw',43.075430499999996,-89.38582199999999,b'Madison',3.5,1.0,34
b'bt0ZUJWmAJhjYmfPCzgRmQ',43.0470342,-89.3939631,b'Madison',2.5,2.0,9
b'3NmjKQJmPH7hcM0pp12DJQ',43.05862020000001,-89.5122609,b'Madison',4.5,2.0,3
b'HHCn1akqIpl_BhdcJoYPbw',43.05714570000001,-89.49951949999999,b'Madison',4.0,1.0,290
b'hDhQvwpLWSzSgZQSKUSOqQ',43.074865700000004,-89.39501429999999,b'Madison',3.5,1.0,37
b'paNjgpMDRhNzBj6xzhHPVQ',43.065186499999996,-89.30834940000001,b'Madison',4.0,1.0,114
b'1Os0g2rh6I50ZIXEZSaNkA',43.07356262,-89.38246918,b'Madison',4.0,2.0,377
b'ILa-Xv5-h23A9OMrYK17oQ',43.107431,-89.3636588,b'Madison',4.5,2.0,181
b'k9wv5-0u8q4S75MIaTX6aA',43.0682028,-89.39140959999999,b'Madison',3.5,1.0,91
b'O3tT9S9vZixg1iwiKeWfuw',43.126006,-89.325671,b'Madison',4.0,2.0,124
b'cDk2no09g2JBBxBotOuZow',43.07530221,-89.39041268,b'Madison',4.0,1.0,6
b'eJYvivWUp4Hdc9Tc8SaZPA',43.074800200000006,-89.3952993,b'Madison',4.0,2.0,81
b's43P_mLoOI348Ts_O3kTTg',43.074349,-89.393575,b'Madison',5.0,1.0,3
b'G099MT9cwtwgdsR71JLp6w',43.07410919,-89.37930419,b'Madison',4.0,2.0,160
b'cRDEkJWuXpKzuSYUpmyX5w',43.061398,-89.495884,b'Madison',3.5,,3
b'oHcGE5r2k4GgtIFqgZS2GQ',43.056621500000006,-89.4997937,b'Madison',3.0,1.0,8
b'rcqcUiO5vw7nBcmpJ7Y8Wg',43.096829,-89.3674702,b'Madison',5.0,2.0,4
b'uWZKPQs_TVi5qHeL0jIOCw',43.0747765,-89.38753990000001,b'Madison',4.5,1.0,18
b'SaAIh36XncqFQanBhSQlEA',43.075720000000004,-89.44915999999999,b'Madison',2.5,1.0,27
b'1k3toqehw9_rOdLjsoZh-Q',43.0363862,-89.4071386,b'Madison',4.5,1.0,15
b'vKlfioFE5L-ZSUIbg0NY3Q',43.0743689,-89.3905441,b'Madison',4.5,3.0,3
b'azJAJh8oivpsU9HzlLS6EA',43.059957,-89.524364,b'Madison',1.5,1.0,29
b'_DpnhekFOZDPNBDekWpx4A',43.12616206,-89.30636091,b'Madison',2.5,2.0,48
b'1ZkcNwQpIESg8LuAHzye6Q',43.062774,-89.408866,b'Madison',3.5,1.0,58
b'wQgY7CdljLdCJm6XIk1HuA',43.07347,-89.394823,b'Madison',4.0,1.0,46
b'gyDTYm_NDWXEHBPGnL-oRQ',43.0749456,-89.3895712,b'Madison',3.0,1.0,63
b'wwnuIvnVLgpEZOKzcdfDhw',43.047893,-89.340121,b'Madison',4.5,1.0,29
b'dsvLqlcYaD0QbVGjVKm-lg',43.03678970000001,-89.4184613,b'Madison',4.0,1.0,30
b'CQNq2sgLokwOVf4OL-19Hg',43.07347,-89.394823,b'Madison',4.0,2.0,9
b'IPZubyVcN1OPwDJ68uqUHQ',43.0747472,-89.3947488,b'Madison',3.0,1.0,12
b'3r1-6Hrfiobded7DRxstxQ',43.07427521,-89.38120548,b'Madison',4.5,1.0,12
b'NUTVC8LoicZmcsO10Jmolg',43.08107652,-89.37392052,b'Madison',4.5,2.0,20
b'jLpufKQL0CF79vBrKwiMjQ',43.0551586,-89.4961026,b'Madison',3.5,,7
b'EKNm59ZMMRvb8N8Cm5F8Qw',43.07477477,-89.38087324,b'Madison',4.0,2.0,89
b'VRTrhsYKSJo1kGX5RqBlFA',43.0737969,-89.3822541,b'Madison',3.5,2.0,76
b'V5K2K2U0JaBL5UPaZYJkSQ',43.076077500000004,-89.5184744,b'Madison',4.0,1.0,28
b'sbOlgkiKttP4Cq_p6Z-f4w',43.075140999999995,-89.394958,b'Madison',4.0,,4
b'QlAPX3c0Vm2dU_w3puIAIw',43.05296515,-89.39625342,b'Madison',4.5,2.0,118
b'QBDwbEEc9uEnn7dzVZu60Q',43.075138,-89.39081,b'Madison',3.5,2.0,39
b'50Anorn0DJXFhBr9a9_gHQ',43.07657831,-89.39948618,b'Madison',3.0,1.0,9
b'Kntmm6a3qAMSpxRWdFZutA',43.05212947,-89.50249574,b'Madison',2.5,1.0,7
b'jaHKCpllY6Vb_kgQ4DYFkw',43.0748338,-89.3922743,b'Madison',4.0,1.0,37
b'QlBh1ACRTx-4ePTgIRPMeQ',43.07455826,-89.39002228,b'Madison',2.0,2.0,16
b'H6Gb3P21h4e_stdjFQO9oQ',43.035492,-89.4099449,b'Madison',2.5,1.0,19
b'jgh9iT5k7JxkeK9gu4VJAw',43.07497815,-89.39341608,b'Madison',3.0,2.0,27
b'SxuD7iY8QO88PNbSdNmNKg',43.0715593,-89.5245488,b'Madison',3.5,2.0,24
b'jCAoPzq8naXIgW4F3_wVTQ',43.0745593,-89.3893857,b'Madison',3.5,2.0,8
b'X0siHN0KchBjGKn9QsEAFg',43.07293610000001,-89.39544559999999,b'Madison',4.0,1.0,46
b'3LpBQxRKVxJIxdQd3PV_Hw',43.07522410000001,-89.3803444,b'Madison',4.0,,3
b'fpwMWuKAR8joNW1B4N3e5w',43.074878000000005,-89.3970772,b'Madison',4.0,2.0,60
b'aZgOdGn3O_fP2OUr5ATqiw',43.075134000000006,-89.394564,b'Madison',4.0,1.0,55
b'Trs4cEYdP6AX_KihTk9kWQ',43.0748623,-89.3952974,b'Madison',3.5,2.0,65
b'lJDnML8EVAc_muLXhN32Yw',43.0600205,-89.400397,b'Madison',4.0,1.0,58
b'DIUK7_PjGCOMcpS2fBiALg',43.085589,-89.36945290000001,b'Madison',3.5,2.0,146
b'RxacBKbziwvC5afDcZS5zg',43.07469895,-89.39922684,b'Madison',4.0,2.0,9
b'KB25wVbL7Lk22tN72DR0ww',43.12533406,-89.306164,b'Madison',4.5,1.0,9
b'ToNd6fEn_SvcQc1Fulsidg',43.1258907,-89.3103284,b'Madison',2.5,1.0,6
b'cUy8ww2wcqW-1RJLNSvBkA',43.0469205,-89.4770529,b'Madison',3.5,2.0,77
b'GVSc1akbPBLtpYHSAuI_eQ',43.07482827,-89.38740291,b'Madison',4.5,2.0,9
b'0zxn5cFZaH3F_0UsiI0SjQ',43.0768356,-89.3833003,b'Madison',4.0,2.0,31
b'70xPPH9jN7TI9etfueFetA',43.05551999,-89.49584042,b'Madison',3.5,2.0,25
b'L772e6l2Yd0DJEyCBxBNng',43.074776,-89.395948,b'Madison',3.0,1.0,182
b'YohEZMYpKrf-3fyPASKLew',43.133746,-89.298753,b'Madison',3.0,2.0,100
b'ajNgLG4Eev8GQYZeMBPpdA',43.1282826,-89.30427399999999,b'Madison',4.0,2.0,14
b'izNAs4Ya2NWKppUgKnQ04w',43.13314138,-89.30257115,b'Madison',3.5,2.0,9
b'QxqMKO5IZCQUUWIx8nTDJw',43.074866899999996,-89.39563299999999,b'Madison',3.5,1.0,39
b'CqCWN9aBJf8YNJxyel7psg',43.0754348,-89.4663781,b'Madison',4.0,2.0,77
b'aVBFKYoF0AHuusNssaQpJA',43.07489166,-89.38695031,b'Madison',4.0,1.0,379
b'hoqk5SFvERVDJVXUaFLpLQ',43.074727,-89.3815378,b'Madison',4.0,2.0,337
b'eYE7zd30ltLAS1V3ssdtrQ',43.107164000000004,-89.351047,b'Madison',4.0,2.0,90
b'LZ_R2OLgZQSQMMzlp8uUOA',43.0728191,-89.395561,b'Madison',4.0,2.0,433
b'N3uOrQCnx_n_841Q8EwbzQ',43.0390133,-89.3865265,b'Madison',4.0,2.0,37
b'oyoMj4yTMybdMRADjFPXiA',43.067141,-89.414181,b'Madison',2.5,,7
b'HNW4P0jAhXYRJ_op7OcWCw',43.1078404,-89.3636179,b'Madison',2.5,1.0,24
b'nWP6dgMGmihB7yMsIRmcPg',43.085614899999996,-89.3095407,b'Madison',3.5,2.0,13
b'AlwKuzyrrxlZ04ktebwmcA',43.0867933,-89.3068682,b'Madison',2.5,4.0,12
b'kOUnvmGamiw90BfmthoQGg',43.075273100000004,-89.3933642,b'Madison',3.5,1.0,117
b'yYgeUm-8qXhZiqTrVyQrKg',43.0756543,-89.3772786,b'Madison',4.0,1.0,82
b'5XSmSsHpQI5hvB90URhJtQ',43.12315499,-89.31431741,b'Madison',2.5,1.0,15
b'RmwfJrR4__hd5Scae5qsTw',43.0576451,-89.4276059,b'Madison',3.5,1.0,71
b'wj98N3Jc8uZLiEML_J566w',43.034577,-89.42356590000001,b'Madison',4.0,,4
b'eZiDoYkp9-OARMpamfljIw',43.0757413,-89.3769773,b'Madison',4.0,,7
b'W4CG8pZC9d9PjysCrzUOug',43.075391700000004,-89.3989853,b'Madison',5.0,1.0,4
b'B1xcP1i6-sZR48zjgpwyfg',43.075044399999996,-89.3873093,b'Madison',3.0,1.0,29
b'Qiyd2ha1pivmsQhnFZgCxQ',43.0604,-89.5126,b'Madison',2.0,,8
b'JrNMDwyiOGruhvf4coLn2A',43.146135799999996,-89.291824,b'Madison',4.0,1.0,9
b'aRbUf7je5wv5ihTrB4vDhA',43.0608425,-89.4009947,b'Madison',4.0,2.0,157
b'utC9M5BetVY6GECRyZeLEw',43.1224002,-89.3108083,b'Madison',4.0,2.0,84
b'ya6BOrPTHYLKo2ectBd1EA',43.04883798,-89.50367824,b'Madison',2.5,2.0,45
b'TTVXY5vOJDqC0_Je8UhK8A',43.0319838,-89.4781127,b'Madison',4.0,1.0,30
b'qW3PBsThG4A3bXz4YnPvIw',43.0363518,-89.4049488,b'Madison',4.0,1.0,39
b'krysT2aEJWNoEUYFF7JmkA',43.08367,-89.364271,b'Madison',3.5,2.0,81
b'svPjZWp4Pa32fwI2gNlxJg',43.07372284,-89.30730438,b'Madison',3.5,2.0,40
b'GnODIDJz09LecpudDoynCg',43.067873,-89.401811,b'Madison',4.0,2.0,145
b'ibVJ52iBKcheyLNOPGU8jg',43.125359499999995,-89.3084414,b'Madison',3.0,1.0,18
b'I0R4EIBhG1_-vKxOKiIbfQ',43.0747764,-89.3886148,b'Madison',3.0,2.0,24
b'KNIIl9Uhlsbq1aQjO_HL7A',43.075264000000004,-89.393343,b'Madison',4.0,,4
b'WnUYubIggifyyDFTm4QHlw',43.07094341,-89.40611129,b'Madison',4.5,1.0,7
b'NyGlEmuYcpZSKfk6IwJeSw',43.074343,-89.381956,b'Madison',3.5,2.0,132
b'VLM7exTU8wRmPVxI4uKi1w',43.0924809,-89.3545584,b'Madison',4.5,1.0,24
b'JBX0Bd9Va4_MtLPwX9Oosg',43.07343996,-89.52701101,b'Madison',3.5,1.0,32
b'fxiZpl88oIrEU_nyLCKWVw',43.0760778,-89.5184747,b'Madison',3.0,2.0,7
b'uYoSb2rNi77LMQZ-Nn1Epg',43.07199251,-89.38955367,b'Madison',4.0,1.0,86
b'aq1rdvfvT9_tleKI8OzRaA',43.0785608,-89.37806020000001,b'Madison',3.5,2.0,67
b'CiNZmBtZRaRSXKjwun4R4A',43.058414,-89.495487,b'Madison',4.0,,14
b'U7Ag9oPTjWinwcnGH20tcg',43.067948,-89.4087549,b'Madison',3.0,2.0,26
b'k76zkFY6PbIW4T_Riq15pQ',43.067526,-89.406553,b'Madison',4.5,1.0,93
b'v_2mB4t9m8DpIb_aM-qXLA',43.0741404,-89.43742569999999,b'Madison',2.5,1.0,29
b'2zx0Pt5OeHhjAZoNRqYTog',43.0795862,-89.36958979999999,b'Madison',4.0,2.0,96
b'l6ChWz5fwhkvuEmThuFl5w',43.08192929999999,-89.36579,b'Madison',3.5,1.0,74
b'YycuwgvTtOG7HBYW_cwvkg',43.07561629999999,-89.37939370000001,b'Madison',3.5,2.0,69
b'dEty4GN0TJIbdIlMioW8cg',43.0612516,-89.4858653,b'Madison',1.5,1.0,16
b'2p5J9bc0acslM4XBNcXAJQ',43.10083732,-89.34890946,b'Madison',3.0,2.0,7
b'X5oaz9_MVz-1ng83HuI4ZQ',43.0747315,-89.3869838,b'Madison',3.0,2.0,112
b'Lrn9Yk5dmLrYJMVvQT_CHw',43.0764792,-89.3998682,b'Madison',3.5,1.0,5
b'VTJIw7e4s5MSkg4OdNer6w',43.0566355,-89.4290631,b'Madison',4.0,2.0,155
b'NiYjWteYkFwglnlJEDe2BA',43.0854011,-89.300348,b'Madison',3.5,1.0,3
b'Ym7IdoJMPHaAm3JB8mqMYQ',43.031151200000004,-89.405412,b'Madison',3.5,2.0,7
b't-LnJne10SHAWATKYdQdJQ',43.073255200000006,-89.5266699,b'Madison',3.0,2.0,117
b'ClQhj49lBHLB45btvX4TWA',43.076077500000004,-89.5184744,b'Madison',4.5,1.0,11
b'skJ-AlN0DT9pmBDz0ixeJw',43.075014,-89.390617,b'Madison',3.5,1.0,136
b'5p5YW_5bMOSuLIQjkJPO3w',43.077124299999994,-89.3815107,b'Madison',4.0,3.0,176
b'hpqfvUCTTstmCFoUg7q_pw',43.083613,-89.3180388,b'Madison',3.5,1.0,14
b'vzqzoa-plufwTsQUwW_s6Q',43.073255200000006,-89.5266699,b'Madison',4.0,1.0,134
b'DkVmX5Zzx_lvl-2Zzyz3bQ',43.083863,-89.302594,b'Madison',3.5,,3
b'_FLNxsJ6T9WLkAdjwCLEqw',43.074920399999996,-89.38839449999999,b'Madison',3.5,1.0,43
b'2Y1zM4OuV_eB4KxZO3LxSw',43.07491974,-89.39842341,b'Madison',4.5,1.0,11
b'UjmVsSLDD7GQRTcLkJ9mfg',43.075138,-89.39081,b'Madison',3.5,2.0,87
b'UuezOzEBemKWDOrZFjM1BA',43.007986100000004,-89.4814225,b'Madison',3.5,2.0,23
b'UAGZsl9ul16iDHmFNDLj4A',43.104434000000005,-89.357979,b'Madison',3.5,1.0,13
b'-rLP6lfoQmOO_5Pf2bTkqg',43.0853652,-89.36170959999998,b'Madison',4.0,1.0,247
b'h8k9AFDqj7fJGjRUZkJkYw',43.0610873,-89.43848740000001,b'Madison',4.0,1.0,9
b'h7hgUiuQ9vSczhKdV5YgGw',43.0678133,-89.3994368,b'Madison',3.0,1.0,18
b'UFyzcr1y2r3y-e_tNpA9VA',43.123698,-89.355581,b'Madison',4.0,2.0,197
b'n5BPR_prEPB4B3lxUpoX4g',43.072826,-89.394966,b'Madison',3.0,2.0,18
b'NVIaU1w3e8KSeaGihSWicg',43.0605745,-89.4389134,b'Madison',4.0,1.0,42
b'O6bQ22yfG5Q3BAL8pWuaSw',43.0730116,-89.4341454,b'Madison',3.0,2.0,28
b'W__CejafuHBISqg1LkwLHA',43.0647939,-89.416839,b'Madison',3.5,2.0,89
b'Nc0xqiAmS2OTxPrlvQrJ4A',43.0671551,-89.4141924,b'Madison',3.5,1.0,7
b'i7NqPkLgLEBApeoBsPNvyA',43.049547100000005,-89.47407709999999,b'Madison',4.0,2.0,87
b'wNdTKpis6nxehbaZP0XwJg',43.0566355,-89.4290631,b'Madison',4.0,2.0,123
b'R8L9VLO5jHfzPA5rHiujIA',43.0837436,-89.30780870000001,b'Madison',3.5,1.0,15
b'O75Lh99ZO6HCIqVVR-p9wg',43.072396000000005,-89.387893,b'Madison',4.0,2.0,231
b'aWYWNfHuQJyRwDHaHq8X1w',43.092097700000004,-89.3547317,b'Madison',4.0,2.0,300
b'KKaImMG2aKPmLpjsdaytwQ',43.102270000000004,-89.347327,b'Madison',3.0,1.0,16
b'x7WmDyWVYUy4sPfT69nk5w',43.0734189,-89.3959172,b'Madison',3.0,1.0,57
b'6AwirUhnpzMZynePZbrdBQ',43.057938,-89.495496,b'Madison',3.5,3.0,62
b'itthpAROLKuP8oks3AaycA',43.07463785,-89.38679604,b'Madison',4.0,1.0,23
b'eZW0M_4K_139Ii6i1YLh0A',43.058782,-89.51255400000001,b'Madison',4.0,2.0,9
b'JDwEvZq0KCSwgEds3LxgMA',43.1263218,-89.3093442,b'Madison',3.0,2.0,43
b'sPd3E7lFzd_yooiq-ekxtQ',43.114641999999996,-89.325544,b'Madison',2.5,2.0,90
b'TdBC5PlJleNyfABjsPt00w',43.07360005,-89.38288305,b'Madison',4.5,1.0,7
b'VSu7GYn-Zln5TLZh_fMtvQ',43.0496415,-89.50324379999999,b'Madison',3.0,1.0,54
b'UyTYTtyZWym-7u84XMgSOQ',43.055999,-89.4977688,b'Madison',4.5,1.0,121
b'Xu6mEU7IbKlWic1ETgUOeA',43.075183200000005,-89.39363459999998,b'Madison',3.0,3.0,10
b'ISE6RcXsgPO1MgxypROEYg',43.1128465,-89.3637702,b'Madison',3.0,1.0,9
b'37_fNrTNrqYGJnwdqtXQ9w',43.0520845,-89.50251690000002,b'Madison',4.0,1.0,38
b'Xrqd7hdpa5HYWdIegacTpw',43.079273,-89.39021,b'Madison',4.0,,3
b'5iVy1KRxAHo6ZG6U9B6DLg',43.124427000000004,-89.32441899999999,b'Madison',3.0,1.0,23
b'HeN_Ru6w-T-oJn6T_N1vfQ',43.0520231,-89.379364,b'Madison',3.0,2.0,44
b'4Pn83EWDr16n6kU1O6u42g',43.07987414,-89.563016,b'Madison',3.0,1.0,7
b'dK7sFWvfEQ0Anuz7ch4t8A',43.0676374,-89.41054179999999,b'Madison',1.5,2.0,6
b'PPMBRhovY0dNHCHFzk7pAw',43.0344735,-89.4209198,b'Madison',3.0,1.0,94
b'kM0RJz-fyNaGk_EH765RKA',43.1036,-89.3438,b'Madison',1.0,,3
b'z9DkYC3QDQ-Bln94sYGdsA',43.075277,-89.4430321,b'Madison',4.5,1.0,26
b'hNuDWMtu56NLz4L1Ghm0aA',43.087618799999994,-89.366334,b'Madison',4.0,1.0,59
b'Nn5gon8s64jVOZA-2ZkLcA',43.131344,-89.2985024,b'Madison',3.0,2.0,26
b'X0UQortyd6N6zFBVisY_gw',43.036741,-89.45473299999999,b'Madison',4.0,1.0,10
b'qaa9M_pUfOv0BPRcnulk4g',43.0836473,-89.3642491,b'Madison',3.5,2.0,52
b'LDxapKCuUbH-G24O4vjD7g',43.0629329,-89.40108149999999,b'Madison',3.0,1.0,55
b'rn2uglsCXkHq5eWppZkjGQ',43.0729281,-89.398648,b'Madison',1.5,1.0,4
b'6A9paRG2PVEfgGMXBrYdZA',43.07168753,-89.40787564,b'Madison',4.0,1.0,21
b'RG2IGb4LwbxUwCW3iooYDA',43.0600543,-89.49067240000001,b'Madison',4.0,3.0,76
b'5paKcA2AAguJgZYBkr-I7A',43.08060017,-89.37608449999999,b'Madison',4.0,1.0,51
b'ERXnerHflh86VOYKAopLMw',43.0322241,-89.4979918,b'Madison',4.0,2.0,84
b'Do_mgaoCgrQodPrq4nxRbw',43.0755809,-89.51857700000001,b'Madison',4.0,2.0,56
b'3uFye5VlDqtBU5_TzSulyA',43.10288679999999,-89.3447941,b'Madison',3.5,1.0,18
b'wPRMHVXKndQZj2Or2mCz8A',43.093003,-89.349182,b'Madison',4.0,2.0,55
b'VgGO13Fx7dQj4zg3IuVDLw',43.072145299999995,-89.4296808,b'Madison',4.0,1.0,85
b'gT-BU_GVKDsYAFSxkbZm_g',43.0782462,-89.3710925,b'Madison',3.0,2.0,19
b'uoV4aDfXbRmvyHSezdn--w',43.05182908,-89.47570219,b'Madison',3.5,1.0,74
b'7kpF2ohwt0PPi-cK69R1_g',43.05303654,-89.39616974,b'Madison',2.5,,3
b'rdXAuI2fKilcf65W-QoASQ',43.057231099999996,-89.5000386,b'Madison',3.5,2.0,104
b'g6aWPjcKukfK1-Po70Lhyw',43.05216,-89.379187,b'Madison',4.0,3.0,102
b'Js2cFsdDiLR5yQsfCGFdZg',43.125802,-89.312721,b'Madison',4.0,2.0,13
b'V_2YX2rW_l5N3UwwifokCQ',43.06028788,-89.50449837,b'Madison',3.0,2.0,51
b'WwQ0sr3wDk2jCMre_3mS7A',43.073336100000006,-89.396349,b'Madison',4.0,1.0,16
b'k1mNR7eIi-UWVmj_t23Yog',43.08111276,-89.37569954,b'Madison',3.5,2.0,184
b'dV6AHcexEq-3joH6j-C17g',43.0833196,-89.37247690000001,b'Madison',5.0,1.0,4
b'eQL6UKYvkWERh21rF0Blnw',43.0747406,-89.38657959999999,b'Madison',2.5,2.0,9
b'xI8GXDAdJcPX5dIP0acBvw',43.072731,-89.393353,b'Madison',4.0,2.0,421
b'oS-xaHI0FLjfEzHuuL4GKw',43.070376200000005,-89.3253853,b'Madison',2.5,1.0,6
b'flCF_Vp9NOpTVeGv673nSg',43.08645656,-89.52490411,b'Madison',3.0,2.0,157
b'cCBySJPR4i7WFfEt8gjArg',43.0806833,-89.3684867,b'Madison',4.0,2.0,61
b'I3S2BseRUaSHuTSsYivMlw',43.083754799999994,-89.3769209,b'Madison',4.5,2.0,26
b'gVTna38clthQRSd9doGYjg',43.0446999,-89.2681911,b'Madison',2.5,1.0,6
b'ZliwQrjUnAosBLM8W_bsGQ',43.085615999999995,-89.361521,b'Madison',4.5,2.0,212
b'TQqhfjlPVEz41K_wAogQSQ',43.054851899999996,-89.450401,b'Madison',3.5,2.0,96
b'O2OD-ojkZXsSbFyzpuvtIA',43.07628569,-89.38398812,b'Madison',5.0,1.0,15
b'sPtBFklthW_Eq-SAAp068w',43.088836,-89.374657,b'Madison',4.0,1.0,3
b'lYbyy6TTmpk_mlYuYAWkDg',43.07827,-89.372077,b'Madison',4.0,1.0,58
b'OQKDN1QxWQvUuambyNHGbA',43.0710301,-89.4064136,b'Madison',3.5,,3
b'XxnQKE9jTD0bTE3LZ5NOtQ',43.0924336,-89.3553898,b'Madison',4.0,2.0,275
b'HY123qqsjVwmurS7hcCSkw',43.0553398,-89.5235111,b'Madison',3.5,2.0,71
b'49JTxfrT4BnROuk9_RIW6w',43.1314,-89.2999,b'Madison',1.5,2.0,11
b'AtkoIv3EEqLivpg95PzP1A',43.078469,-89.378072,b'Madison',3.0,2.0,34
b'yfvldEvsIfzcvWqmU8un3w',43.0843503,-89.2998239,b'Madison',3.5,1.0,11
b'lv_ngvbgwcP5pd2hauMOTw',43.0354313,-89.444136,b'Madison',3.5,2.0,31
b'7q7qaGPUUCqMljdIGwzvFQ',43.139993,-89.32652850000001,b'Madison',4.5,1.0,99
b'G_DzKLA15CTjq5cOkBp0pw',43.1315903,-89.3019937,b'Madison',2.0,2.0,10
b'9BeOKr8DGzDEmdoe-FzQbg',43.078359999999996,-89.3897099,b'Madison',4.0,2.0,11
b'ues2rFe_hbRC7s232PX5QA',43.07346775,-89.38337056,b'Madison',3.5,2.0,232
b'HG2lE2sToF7IdPbl0hz34g',43.073723,-89.307305,b'Madison',3.5,1.0,4
b'nFWrKmBJvzbHZT090D-Mtg',43.0676088,-89.4106872,b'Madison',4.0,1.0,3
b'XzMOmLWmCClAgJMgCi9YRQ',43.0474951,-89.3732083,b'Madison',2.5,2.0,11
b'JmlSv3iBz3nBEXy5r1yhtg',43.07205498,-89.40565802,b'Madison',4.5,1.0,24
b'YSUPAkyni4qpcHfrMOAEww',43.083081400000005,-89.3244312,b'Madison',4.0,1.0,69
b'O615O_US381DcvkxwuEz7A',43.05680586,-89.3984472,b'Madison',4.0,1.0,53
b'rZRxuGOxTaf11VcsMviQwQ',43.0674068,-89.4075766,b'Madison',3.0,2.0,21
b'NKx2a3_PQ9c7Ts_A6JxKWQ',43.07312394,-89.39842879999999,b'Madison',2.5,2.0,43
b'UidScb9HFDSD3NBw8MLuGw',43.0735464,-89.45128290000001,b'Madison',2.5,2.0,133
b'tMfGHhwGZDXuWZQHd1a0OQ',43.054314,-89.396224,b'Madison',3.5,1.0,19
b'dk5D2jHEK7IoXEFf6zvQfg',43.0720713,-89.40698459999999,b'Madison',4.0,1.0,5
b'ZoZWONMz3tzxRLOSQEJosQ',43.071765299999996,-89.4081342,b'Madison',2.5,1.0,9
b'VfWX3UCKvUnVktdOuR8TwA',43.071461,-89.452308,b'Madison',4.0,2.0,217
b'kDu6EvknXAygJf1KSfwhUA',43.0594911,-89.5013593,b'Madison',3.0,2.0,16
b'qv1GkpAHu6FszLnWt-kojQ',43.076974,-89.3943453,b'Madison',4.0,1.0,8
b'xzGUXMDKa2xw_TJ2n4WrNw',43.11995238,-89.32437716,b'Madison',3.0,1.0,43
b'cugTYtxVL2Q6Kkd8w4xMNw',43.0601823,-89.51387530000001,b'Madison',3.0,2.0,29
b'4qiD9hcUiY4AfCBBqpMYeQ',43.038073,-89.45201999999999,b'Madison',4.0,1.0,77
b'zjwdU1OdlbKTGjm-IfD4TQ',43.0762215,-89.3765301,b'Madison',3.5,2.0,184
b'cf0LXwdYZ_9y0BVK-un9ow',43.07510046,-89.38106948,b'Madison',3.5,1.0,79
b'OGg60MuC7fTlPaepWqB4bg',43.07371704,-89.43541202,b'Madison',3.5,1.0,79
b'2-su3xdxOvyF0_2GZN4FLw',43.07451699,-89.3899215,b'Madison',4.0,2.0,320
b'QH2wRpTM0rtEJWgiPWhzqw',43.08814,-89.3652468,b'Madison',4.0,3.0,3
b'k9RUMKASTB6QZ-NkfnN8Fg',43.07645174,-89.38231442,b'Madison',4.0,2.0,76
b'gv47gtyCkw_8OyexHrqdDA',43.0752003,-89.3858351,b'Madison',4.0,4.0,173
b'S3-JpB5dBhMXmauMqeoN-g',43.055569,-89.3974165,b'Madison',4.0,1.0,330
b'VozM1JCr5ymSambcvx0TAg',43.072576,-89.42971999999999,b'Madison',4.0,2.0,7
b'gtHH0BgHFSXc-Z1seIWJ1g',43.061257299999994,-89.5190801,b'Madison',3.5,1.0,6
b'z_2Kc8bPWv0cGEO_jZzxWw',43.05822379999999,-89.5047483,b'Madison',4.0,1.0,15
b'O-GefJqucTHDIYJSxVhEyA',43.059841600000006,-89.4008555,b'Madison',4.0,1.0,10
b'ceuvH6NpDhpT1p4q1w93pA',43.060334000000005,-89.40119399999999,b'Madison',3.5,2.0,111
b'RDQ_812x82H72J7C6jG36Q',43.114679200000005,-89.3285605,b'Madison',4.5,2.0,248
b'KfaeDC-oPE6GTfBvdF9x7Q',43.07484519,-89.38183472,b'Madison',4.0,1.0,140
b'NYxVVeeI-zz2qjPKk6FCwg',43.129596500000005,-89.29342829999999,b'Madison',3.0,1.0,45
b'FQMGUdB4R-nCgQ9luiyinQ',43.060775,-89.40113000000001,b'Madison',3.0,2.0,13
b'zEGAtxktaC-r5IvvZVgjoA',43.075612899999996,-89.3865836,b'Madison',4.5,2.0,5
b'Lvg2y48cv7xFUJBqoUXmvw',43.102869,-89.3457212,b'Madison',3.0,1.0,17
b'uqnFLc-1MxWw5f4SIyEf4Q',43.08356,-89.317665,b'Madison',4.0,2.0,27
b'fH-udnxBjJ0ldqMeaMAoSw',43.067586999999996,-89.41251,b'Madison',3.0,2.0,36
b'-9yG5SmYxH8BLg4bML8VQg',43.08131160000001,-89.37440332,b'Madison',4.0,2.0,39
b'NsDydu5clpNkiTahn3wQ2g',43.061398,-89.495884,b'Madison',3.5,2.0,43
b'R6QCy5sVlySKgqvHb-HhTg',43.0574842,-89.42806170000001,b'Madison',4.0,2.0,197
b'wvCU61bSTtO8Cj7dhyrfMw',43.05954887,-89.50221669,b'Madison',3.5,1.0,92
b'p43Do6Lc9zdUMBFIVT3c0Q',43.071765299999996,-89.4081342,b'Madison',3.0,2.0,5
b't1w-AqAHPL-apnKtoboodQ',43.06826160000001,-89.4235595,b'Madison',4.0,1.0,25
b'LYpujMCxfrHcSO_NA1BRQg',43.075159,-89.396178,b'Madison',3.5,1.0,157
b'8gVq0xCXVeAAS3-nsifAgQ',43.075006,-89.3921359,b'Madison',2.5,1.0,16
b'hM48axj9twnf7A6a5f8cjA',43.122750700000005,-89.3147799,b'Madison',4.0,2.0,16
b'PbeDPF59J-bjBsUxLUGZhQ',43.044309600000005,-89.39448780000001,b'Madison',5.0,1.0,5
b'Dcj69NZJnbJhK-YHP_nULA',43.0640503,-89.41801679999999,b'Madison',4.0,2.0,291
b'RIT-Y8d0qEZ3ORv0Ts5JDw',43.03626891,-89.40707268,b'Madison',4.0,1.0,21
b'2NnoviDIh_GjWZI3srr99A',43.0531664,-89.3958811,b'Madison',3.5,1.0,36
b'XggUqVcri5eth2_ZqILqqA',43.0497827,-89.504127,b'Madison',3.5,1.0,7
b'VS6cBZIOm1-8GjS2aGG-iQ',43.055135,-89.497286,b'Madison',2.5,2.0,11
b'YK6XFE1SbLZGGXIKZmrQ-Q',43.0675794,-89.4106017,b'Madison',1.5,1.0,43
b'c_-0jkr-MkK2EdlbJaXgyw',43.12765382,-89.36349705,b'Madison',4.5,2.0,10
b'_euNvs0P14284FXN1vZ_Pw',43.0785876,-89.32400909999998,b'Madison',4.0,1.0,168
b'sXYkjcuGhtaYP8yeQPaHgA',43.07683402,-89.38323373,b'Madison',4.5,3.0,313
b'BwWbwhIWfc9A0fPShp-WmA',43.0725542,-89.43009758,b'Madison',4.0,2.0,168
b'KK5Hvy2JNjXpdO_zHA_LCA',43.115195899999996,-89.32817320000001,b'Madison',4.0,2.0,33
b'YLwXQbMN-4NvUs_U8brP-w',43.0718934,-89.4284267,b'Madison',4.0,2.0,69
b'vL2XhH5KWVY9ZV6SCjmwCQ',43.07318925,-89.52488869,b'Madison',3.0,1.0,27
b'm305DapBPrW4zwF20KbFoA',43.074433,-89.381146,b'Madison',2.5,2.0,28
b'r5qUfdiSL2_hHfdqXBJAMA',43.126461799999994,-89.31159050000001,b'Madison',3.5,2.0,29
b'DpWCY7KPhaL_7jonOTSJyA',43.06767670000001,-89.4101225,b'Madison',3.0,1.0,18
b'hEUAUdG4fBdYWvPeEASnng',43.06762161,-89.39544122,b'Madison',2.5,2.0,23
b'CcuKo38SwW54TDlMWAMi7A',43.0530331,-89.3963895,b'Madison',3.5,2.0,59
b'TBh4lRgZayACZKK02suaSQ',43.0612817,-89.51173299999999,b'Madison',2.5,2.0,40
b'4DtGWbPfvfIL7czgBLPcXw',43.06098385,-89.5187765,b'Madison',2.5,2.0,15
b'wsmVIHJEi9J_38dXx2qLKA',43.0936656,-89.34612270000001,b'Madison',4.0,2.0,124
b'qnuBmj3lL_S_QQOmTI9cfw',43.0748942,-89.3886553,b'Madison',4.0,2.0,20
b'lk9FXwKCOxIvXAWF8zr_Zg',43.076314,-89.3837429,b'Madison',4.5,1.0,25
b'STX8NfaW_xP6YZq-wERHYg',43.07825820000001,-89.37110240000001,b'Madison',4.0,2.0,48
b'V46DbgV5cTnYAwpBS70owQ',43.0851381,-89.3252648,b'Madison',3.0,1.0,49
b'EFOQdRak3K15hIuN2Q3Cpg',43.0736723,-89.39484537,b'Madison',4.0,1.0,24
b'Ie00N1yErrmaOa44x5K8kA',43.0741404,-89.43742569999999,b'Madison',3.5,2.0,44
b'jzr6jW5cQ0jpPhEo4kGMBw',43.05941101,-89.50350262,b'Madison',3.5,2.0,60
b'2hGAmn6CJKT-Q1deaEBtGw',43.064708,-89.416916,b'Madison',3.0,2.0,64
b'9w_saPQbfOaqrKe5lJQ74A',43.102980200000005,-89.3456932,b'Madison',4.0,1.0,71
b'V1JEkeAem05hps5ZCmMIgw',43.07499310000001,-89.3811037,b'Madison',3.5,2.0,60
b'lMeWUHAkBUXwcuX1tGTdtw',43.10702775,-89.28734461,b'Madison',3.5,1.0,16
b'rLJsrXyY61bouCfH58PKIA',43.0979594,-89.3171657,b'Madison',3.0,1.0,26
b'0SECDod-_lEXcWezbwUxzw',43.074937299999995,-89.39868752,b'Madison',4.0,1.0,3
b'mCtkHCPp7OFZtqO4Fzlp1A',43.038813,-89.37714,b'Madison',2.5,2.0,18
b'hLnWXojm7NpyXeqlhIL-lw',43.0750641,-89.38996490000001,b'Madison',2.0,1.0,6
b'Y9Lsu_1dVNarV2wt1t5Cgw',43.1278381,-89.3099026,b'Madison',1.5,2.0,5
b'FPunXW5NBaTKgx5uBrdD5g',43.074730100000004,-89.3815378,b'Madison',2.5,2.0,12
b'dfHA5n6e3f58nMCNHt589Q',43.0754787,-89.3904163,b'Madison',3.5,1.0,93
b'xkF-0GL_TKkU51xWpItBTQ',43.117782500000004,-89.3220736,b'Madison',3.0,1.0,10
b'0vyh1UE4HH8ayZtXNxIfeQ',43.073569899999995,-89.396101,b'Madison',3.0,1.0,36
b'rLwxan_oYkL-m8ldqsHuiA',43.131264,-89.301283,b'Madison',2.5,1.0,48
b'AcW_Km7jkGBr4rJdIrIP4w',43.0440409,-89.39446009999999,b'Madison',4.0,1.0,84
b'kjs2IutpZINFnTWx4r6j0Q',43.07051,-89.3254733,b'Madison',4.0,1.0,20
b'kGmntPru09mK3w8uD8oI8g',43.08526383,-89.30952933,b'Madison',3.5,2.0,21
b'Q5cwBuHfkt3NjnDrxA-h8w',43.098782899999996,-89.3338313,b'Madison',4.0,2.0,94
b'dC2yhxxVUSmjW1Db7IaKWQ',43.084321,-89.31379,b'Madison',3.0,1.0,20
b'CUGPOzeBRz84cdIOGSXcLw',43.0798171,-89.3762962,b'Madison',3.5,2.0,54
b'bObysWCWZqc_rqSC0U83Yg',43.11272833,-89.36202049,b'Madison',2.5,4.0,13
b'aYoeWXcFXu2BsWuYIMd6Ow',43.073141,-89.383392,b'Madison',1.5,1.0,5
b'szUlmJA4MfIhi7xbtsQPYQ',43.0745028,-89.3926204,b'Madison',2.5,1.0,7
b'yxj0P4O-ydn2KTzOut86QA',43.058639899999996,-89.508535,b'Madison',2.5,2.0,30
b'4scx_rtI9RZfFHWUxqPuHw',43.07520861,-89.38584387,b'Madison',3.5,2.0,14
b'Pt4rt1u_5KuS_NSMqerG_Q',43.0558078,-89.4938472,b'Madison',3.5,1.0,25
b'i7MSJP4JH9yoNpbUsaV9_w',43.074791999999995,-89.393135,b'Madison',3.0,3.0,3
b'k4AzyNM7a9gtg7-Ig4ZsWg',43.0755641,-89.3974633,b'Madison',4.0,1.0,22
b'I6e7bj_b8p6lyzu9fNty2Q',43.1147614,-89.32873199999999,b'Madison',3.5,1.0,3
b'0Rhr6lMMv6SyBgENN6h9Bg',43.085254600000006,-89.306513,b'Madison',4.5,1.0,64
b'M-caugKzJ9qLOmCBfD9Nyg',43.07535353,-89.43834605,b'Madison',3.5,2.0,168
b'EGgsujG0ycRAnMqMYvylUg',43.0690688,-89.39217990000002,b'Madison',3.5,1.0,31
b'-rg5vXpJgqB23FOQJuqMeg',43.0970189,-89.3436886,b'Madison',3.5,1.0,20
b'cJLx99fsYPM0SlNfWLb4Ug',43.057220799999996,-89.428248,b'Madison',4.0,2.0,54
b'RRiKkw7WN4ZcpR8iQvFcOQ',43.0352824,-89.4536017,b'Madison',3.5,1.0,7
b'ffUCy7Gd8Gr28oK5mHOjsw',43.0755809,-89.51857700000001,b'Madison',3.5,1.0,10
b'8XeWfMGuNsrYkXRwQJjhCQ',43.12436829999999,-89.31261540000001,b'Madison',2.5,1.0,12
b'brIaz5gTzBX6fgJNQZbUCA',43.07491583,-89.39471268,b'Madison',3.5,2.0,153
b'f-Nk4rNCmJhYom1_6RdWqg',43.07473770000001,-89.3874429,b'Madison',2.0,2.0,50
b'Iz8Mi3qXqRW2JMaLJTTlLQ',43.0640352,-89.4180834,b'Madison',4.5,,3
b'yLH9mFFwOlzFB_fYKpSyLw',43.07282564,-89.38454770000001,b'Madison',4.0,1.0,63
b'h_UvnQfe1cuVICly_kIqHg',43.07398444,-89.38136509,b'Madison',3.5,3.0,107
b'61wUpoim2yzSMPKxg58ReQ',43.0698529,-89.3254346,b'Madison',4.0,1.0,85
b'9spk8K9pg5HdDNMNxAlGwg',43.0695351,-89.3896261,b'Madison',3.5,2.0,44
b'SxC7gGLEZ8B3ooj1Qtjz5w',43.06154954,-89.52058408,b'Madison',2.5,2.0,22
b'e-finkL51hroOJ0GZ8jcXA',43.055135,-89.497286,b'Madison',2.5,1.0,11
b'ud_eRNQafA2cW2ZFqfTeww',43.07546,-89.393063,b'Madison',3.0,2.0,16
b'wjGIbeYiciz3ynYIEWCRHQ',43.061218,-89.486019,b'Madison',3.0,1.0,23
b't5fosfj3K4SXi20u5tSOIw',43.08241168,-89.37379279999999,b'Madison',3.0,2.0,16
b'fNhp7o7RhmKhdBFTsJyyxw',43.06760428,-89.40819248,b'Madison',3.0,2.0,24
b'_Ejjcg6V2sHb_W8CyIUtXg',43.072629799999994,-89.39545809999998,b'Madison',2.5,1.0,6
b'Wcw-xq_c89e4AaRsUtkaLw',43.078109999999995,-89.372173,b'Madison',4.0,2.0,269
b'lPsT-Rmmf6333z6h6ANHrw',43.07512070000001,-89.3935434,b'Madison',3.0,1.0,33
b'HewGH1vYiZpkCoXeGOsA9g',43.0834989,-89.36551379999999,b'Madison',3.5,2.0,3
b'j2TKvVKLMgfJKe_UPtGOVg',43.087384,-89.358648,b'Madison',4.0,1.0,58
b'dSDl5LGJCU8R3X8lYDU7tA',43.102948100000006,-89.34464129999999,b'Madison',3.0,1.0,5
b't-NF_3LecjuOlwiK-Gx2KQ',43.1336297,-89.2995085,b'Madison',2.5,1.0,15
b'wGh7BXk_Yg7VXgb-_VObGQ',43.1279489,-89.30436350000001,b'Madison',4.0,2.0,6
b'OuKfLByYHVSwL8yTooQOXw',43.0771005,-89.38164909999999,b'Madison',2.5,2.0,3
b'4CXNce-fAj4G39hi97IleQ',43.0785923,-89.3783104,b'Madison',3.0,2.0,16
b'HXkuFF_Rtg2g9rwcBdpB-g',43.0747755,-89.3884537,b'Madison',3.0,2.0,129
b'1qVtBw0UIcWGGUQXWjMgug',43.072106899999994,-89.4288898,b'Madison',3.0,1.0,12
b'2C5nGjdzF0zMWvD9iVma0g',43.074740500000004,-89.3866113,b'Madison',3.0,2.0,35
b'5uMfIYovqfgk41abdfFegw',43.0679737,-89.4082936,b'Madison',4.5,2.0,92
b'x8EXXJpcbrIeaVefej2aJw',43.050327200000005,-89.4745296,b'Madison',3.5,2.0,94
b'phrJCsa0I_OEWExpiTET8A',43.074921,-89.52932709999999,b'Madison',3.5,1.0,40
b'2j3sESWDU_hW9Q3TjElwPA',43.0719139,-89.4081342,b'Madison',4.0,1.0,21
b't67GMPZ0cv_ItKlID-JFiQ',43.10167223,-89.36459541,b'Madison',4.5,1.0,286
b'rvsye09KiUNW_Xa3mygo3Q',43.0757191,-89.443277,b'Madison',3.0,1.0,19
b'Hty6oLQ1_FSRW5XgZtWrXw',43.09283269,-89.35198279,b'Madison',3.5,2.0,104
b'scLsLrgdvccvkPZADAj5Qw',43.0734676,-89.3970368,b'Madison',3.5,1.0,21
b'24fW-8hK0hs5KvEYWwWNDw',43.0745652,-89.39155699999999,b'Madison',3.0,2.0,52
b'v3AS5LGeV2Si4nOHZ7lgxQ',43.0940334,-89.3413173,b'Madison',4.0,2.0,189
b'HlYzk84INQaNslFT-lyBFw',43.1300316,-89.3039903,b'Madison',2.5,2.0,34
b'nOThVrdk5atLvIEC54pBOQ',43.08135862,-89.37434968,b'Madison',4.5,2.0,5
b'MkSF0SJUMj2A3ewUhUUBvw',43.0730787,-89.4092156,b'Madison',3.5,2.0,44
b'kEIe_lyBKdFB6Hv_wsUYaw',43.0748779,-89.4476184,b'Madison',3.5,1.0,64
b'aKXzSFBrAoC_5kWUvjKGpg',43.13694253,-89.34569345,b'Madison',2.0,2.0,19
b'u5YFVrxuifUxuMRbRVC6AQ',43.073274700000006,-89.3990084,b'Madison',4.0,1.0,6
b'NJ4S3JX56JEZGWlAfpF9kw',43.07473929,-89.38711193,b'Madison',2.5,2.0,78
b'v14P9-vB1yjxFfFEYEWudw',43.07315884,-89.38592639,b'Madison',4.0,2.0,147
b'kqrhy8kaxvqqbsGpVKRyAg',43.07487138,-89.39620927,b'Madison',3.0,1.0,4
b'1ti16CM6jlDt66P5PDqyUg',43.097994,-89.320026,b'Madison',4.5,,3
b'wL4xGOaJcpsWxbd8OIS05Q',43.0555456,-89.397846,b'Madison',3.0,2.0,4
b'f1loh_1c_zp6P1Zv9KSaPg',43.056628,-89.4989583,b'Madison',2.5,2.0,59
b'ikDVOD9Ypyestcw63_z_dA',43.074953799999996,-89.3907598,b'Madison',4.0,1.0,48
b'5wfInTOKyMQxxeFvqR-3vA',43.0922657,-89.3539868,b'Madison',4.0,1.0,12
b'cF-QXCQw2yLALLRTkH2Rrw',43.0497544,-89.50323879999999,b'Madison',3.5,1.0,9
b'aS4t4ee3xqQXgNHNxi9gAA',43.1205802,-89.3089688,b'Madison',3.5,1.0,62
b'px5h245j44u_a2bRjDpBxQ',43.0678285,-89.4071678,b'Madison',2.5,2.0,3
b'gdXfiX8gRpe2TeaWZJoOHQ',43.071073999999996,-89.40759320000001,b'Madison',2.0,1.0,8
b'Eydky7VulZijOJ37yl8IGQ',43.0837395,-89.3768968,b'Madison',4.0,2.0,61
b'8cjXEmuqgCbIRudb2D52qw',43.055135,-89.497286,b'Madison',3.5,2.0,134
b'TETUKvUj73hzn6JpkJ4_QQ',43.04417741,-89.39396426,b'Madison',3.5,1.0,15
b'70nmPKnAufzeKfRNVE0-Pg',43.0733473,-89.45303320000001,b'Madison',4.0,1.0,25
b'0au_HRvOYfhQyvdvjZdzUg',43.0852844,-89.2759089,b'Madison',4.5,2.0,5
b'nsgwXdmlWimq9zQ-E3mfMQ',43.064766399999996,-89.41718399999999,b'Madison',4.5,1.0,5
b'70YqOHFMCoeNTw0cN_10jw',43.0856215,-89.36080820000001,b'Madison',3.5,1.0,7
b'b8u5AasAkEcqTwKlSjcHIw',43.038073,-89.45201999999999,b'Madison',4.0,1.0,26
b'_y4zRzQloskP7IsEBhdNDA',43.092991999999995,-89.351504,b'Madison',3.5,1.0,16
b'5R6BzOdTvgUiDTlR6K9suQ',43.076622,-89.383313,b'Madison',2.5,2.0,8
b'2Cmpz9lgr-wfOLAwgUf79g',43.050640200000004,-89.4976638,b'Madison',4.0,2.0,35
b'rnx0KHHTD9Yvr2BWAWwQ4g',43.093672399999996,-89.3426022,b'Madison',4.0,2.0,231
b'-R_dMb9Z1eBv_FlYZrrKbw',43.061169,-89.401188,b'Madison',3.0,1.0,14
b'IV5uZ0VuLVplxnfkx96_iQ',43.14165379999999,-89.28541009999999,b'Madison',3.5,1.0,3
b'Bi3520lcx6UQAYZPHADZaQ',43.0752941,-89.444864,b'Madison',4.0,1.0,27
b'Mp-spZbBtbHkzubDSYPs2Q',43.0748656,-89.3955327,b'Madison',4.0,1.0,31
b'Z9wnRnSvmt7PeMo69x3s4A',43.057220799999996,-89.428248,b'Madison',4.0,2.0,10
b'15LVDu1_v97JEx-g97wnfA',43.08489164,-89.37590025,b'Madison',4.5,2.0,167
b'PqLYjUuzSIUU94emDWxwLg',43.07825820000001,-89.37110240000001,b'Madison',5.0,2.0,37
b'FMMNajth88mWX76QVp6N9Q',43.071914299999996,-89.389124,b'Madison',3.5,2.0,186
b'K6LwZagSz-cUrCcVemXrlA',43.074327200000006,-89.39256379999999,b'Madison',3.5,1.0,17
b're8VPkZFSdkj1TvDKtCWYQ',43.0830876,-89.47549620000001,b'Madison',3.0,2.0,33
b'86Ha2bJ6zMvWSv319myoQA',43.07316831,-89.38686669,b'Madison',3.5,1.0,6
b'Le1fkEFfe5ADbHjqiKgzXg',43.075140999999995,-89.394958,b'Madison',3.0,1.0,6
b'1pOqoAixFXrVci0kSZnbzQ',43.0321886,-89.4980948,b'Madison',4.0,2.0,4
b'bJo_-dEqQKdJKQJaa9hK7g',43.083070899999996,-89.47551999999999,b'Madison',4.5,2.0,60
b'hgktkdzUUvKfx2XITRn-Kw',43.0750404,-89.39157759999999,b'Madison',3.5,2.0,14
b'YXd7yVn-dvbPTYAgQ0V0LQ',43.0933721,-89.3498392,b'Madison',3.0,1.0,21
b'fcQDwASYxBGQHiMIJadw-Q',43.074154,-89.391323,b'Madison',3.0,2.0,10
b'nzUA0vgcta7OPwpWPbe7Ug',43.103019700000004,-89.34996149999999,b'Madison',4.0,1.0,73
b'-5DifC-lAFioAD_DLVgTMQ',43.0605835,-89.5193733,b'Madison',4.0,1.0,28
b'uoUa8ugZLrly0bA268IqEg',43.067439,-89.4129202,b'Madison',4.0,1.0,273
b'1No65MMinOXLxgEtqpV3vg',43.0825782,-89.36491840000001,b'Madison',3.5,2.0,67
b'Xl6I0-JmFE_6w28bku2idQ',43.0748011,-89.39069640000001,b'Madison',4.0,2.0,202
b'JtSNHDRRZffnHBEsJudW-g',43.06143239,-89.50479399999999,b'Madison',2.5,1.0,34
b'tTjXkqN-XVLIP3Vk9EozJg',43.0748105,-89.3925202,b'Madison',3.5,1.0,69
b'aaEdLuaBvgNZWdc_I5O82g',43.13398739,-89.36986368,b'Madison',2.5,1.0,4
b'LqEiVAAXdG734Z0YZMrZdg',43.0856363,-89.3609301,b'Madison',4.0,1.0,76
b'YnysIH0yvgMLtlsBdOSecw',43.0615382,-89.4008856,b'Madison',3.0,2.0,6
b'7Tp53xZh1ypd2wbudP6Qcw',43.0748716,-89.3962559,b'Madison',3.5,1.0,85
b'KLvpdtFYUi1I0LNsmIqeJw',43.059889,-89.523622,b'Madison',3.5,1.0,26
b'9muoOpBgraI4xtP0ZhZACA',43.14883526,-89.4069194,b'Madison',4.0,,21
b'gWsWtppVufrGfGWw1HcjOA',43.0867933,-89.3068682,b'Madison',3.0,2.0,8
b'SpCVf25ya5jsHItdkpBpUg',43.1204129,-89.31461469999999,b'Madison',3.5,2.0,42
b'yPgUkQxj8CYPKF89HV65kg',43.072292600000004,-89.4289114,b'Madison',4.0,2.0,166
b'_6b9CtXi4fQqiu2VjCVpTQ',43.1284594,-89.3063978,b'Madison',3.0,2.0,59
b'VGKq16vCdPPHMoryy6XTHg',43.07457553,-89.37974441,b'Madison',4.0,2.0,163
b'QvpH6e7_1Tdlflk_yOj4NQ',43.0755226,-89.3959757,b'Madison',4.0,1.0,5
b'v2AAGuPuH2QGGwosWZw_qA',43.12531679999999,-89.3244046,b'Madison',2.0,,3
b'-y8Nz-elBXkUYoIoc9AADg',43.07482192,-89.39492377,b'Madison',4.0,1.0,53
b'Ec-h5JjXzy-pjfpb7d_BFQ',43.07338789,-89.39600562,b'Madison',4.5,1.0,57
b'tiaSRKBTb7edKIB4V5qFKg',43.0756783,-89.37729759999999,b'Madison',4.5,1.0,6
b'VD358OTsTLFuxOZJTOInKQ',43.0763209,-89.376141,b'Madison',4.5,1.0,14
b'Car4D_KYnNNSxH9NPwcGAw',43.093770500000005,-89.3452006,b'Madison',3.5,2.0,84
b'Q_fvIdn5mGAyyJKniY1F7Q',43.054238,-89.396799,b'Madison',3.5,2.0,63
b'Z8SXv1u_6rKicQy9P7G6fw',43.0615157,-89.40041090000001,b'Madison',3.0,1.0,90
b'530DtHanJc-S-rNh7dtoXg',43.0819164,-89.5234428,b'Madison',3.0,2.0,3
b'TXiEgINSZ75d3EtvLvkc4Q',43.128034,-89.30715699999999,b'Madison',3.0,2.0,55
b'cqJBTRVx614nqlLEkzL7Uw',43.07562,-89.467288,b'Madison',1.0,1.0,4
b'5sV9N8rB3TNBkp1K35WM5w',43.1173463,-89.32297220000001,b'Madison',4.0,1.0,5
b'FUX9h1a37GJn9ge1baiNuw',43.0606935,-89.51127650000001,b'Madison',4.0,1.0,102
b'p5LmGtCNBI74xmwhSmyo8Q',43.102963,-89.349804,b'Madison',4.5,1.0,96
b'0ETtpZSd6f7q_-o-7gutPg',43.077237,-89.383889,b'Madison',4.5,1.0,293
b'hOxNKZJ8wWg8Q165U7CCqg',43.0822686,-89.3796148,b'Madison',4.0,3.0,221
b'BvyUXno0grQerd5cZGDFPw',43.081948600000004,-89.37944300000001,b'Madison',4.0,1.0,55
b's8sAe29mA8q1eQwdC1qAKw',43.075128899999996,-89.394324,b'Madison',2.0,1.0,12
b'8iZ5bR_Zl-xQZMDCvNKLgg',43.064652,-89.41699799999999,b'Madison',4.5,1.0,50
b'Duy87WN6ajXyErWzStWOuw',43.062726,-89.29679889,b'Madison',3.5,1.0,7
b'utQbhURq2LEPZX7XjmYB3g',43.0837395,-89.3768968,b'Madison',4.0,1.0,17
b'Wtp0Pfnhd7NvUIEawiIjTA',43.1034271,-89.35015279999999,b'Madison',4.0,2.0,111
b'y-1sMhUMubrHWdIW4FaE8w',43.0633408,-89.3071542,b'Madison',2.5,1.0,6
b'a4I6hTqQwL3Px1aXfHD4Aw',43.058557,-89.49701,b'Madison',2.0,1.0,17
b'dazGlP4Rk4nxlyMtlvkpvA',43.075006,-89.3921359,b'Madison',2.5,2.0,64
b'15LjiMzeVbTpQgaFBWO32A',43.06780552,-89.40147942,b'Madison',3.5,2.0,19
b'hVzRXGGhRJfTXIasO3bq1w',43.074593,-89.394235,b'Madison',3.0,1.0,49
b'JvCSGmN8gS-kNh9xLgLC1Q',43.0277402,-89.41265240000001,b'Madison',3.0,1.0,5
b'XnFPzFiLZ8wKWZsmzGjvCQ',43.075103999999996,-89.3810381,b'Madison',3.5,1.0,48
b'8z4sC_8dsZiiMWjIPYE_iQ',43.016065000000005,-89.49705379999999,b'Madison',2.5,,6
b'CYKvEc30_ujFBfgoSIawUw',43.074663,-89.3908579,b'Madison',3.5,1.0,16
b'kPr9rYEkGwbRLgUHvKljQQ',43.0651567,-89.41640229999999,b'Madison',4.5,2.0,286
b'AfoBKJuGBJvQhc3By4K9Dg',43.074852299999996,-89.3813541,b'Madison',4.0,3.0,28
b'sqOoaTxzCS6w2T-QNKhUiw',43.0737205,-89.3919743,b'Madison',4.0,1.0,12
b'C63sF-wG4f1doMIMv2qvOg',43.0721304,-89.45128609999999,b'Madison',4.0,2.0,145
b'AQJL8iLnVMea7nm8vEGOgg',43.039777,-89.503781,b'Madison',1.5,2.0,3
b'5ZqybrqiTdbANn2yI3B3VA',43.035255799999995,-89.4536205,b'Madison',4.0,2.0,16
b'2qjvYspb3bEmCaw1vmSk0g',43.07224384,-89.45233392,b'Madison',4.0,2.0,240
b'uGCAHzEcSXAhRxtDv0M2dA',43.068255799999996,-89.4235939,b'Madison',5.0,1.0,5
b'YXe8DxId7IpkW-bUCdfGIg',43.067687899999996,-89.4239575,b'Madison',4.5,1.0,49
