b'spDZkD6cp0JUUm6ghIWHzA',43.867917999999996,-79.2836865,b'Markham',3.0,2.0,80
b'gIVjdDWRnS1yDVpPF3oUeg',43.841217,-79.303936,b'Markham',4.0,1.0,8
b'E4I_MLoRNwLCZ8mHr4fRpQ',43.8263314,-79.3051004,b'Markham',3.5,1.0,5
b'lrm8hNDtwd5Wd0tVjOgCyw',43.8685158,-79.282552,b'Markham',3.5,2.0,55
b'qwlsGR-pJb6xMWJBqiNIQw',43.815380100000006,-79.3447037,b'Markham',3.5,2.0,34
b'M-rqZ56wTGSNoIIsBSlhDA',43.8568079,-79.359809,b'Markham',3.0,1.0,34
b'-DtaPJJ-beogNkDKusGhlA',43.8681595,-79.28394200000001,b'Markham',3.5,2.0,36
b'hPTx2Y5e4Czbr21XcbDN8g',43.851504,-79.35189100000001,b'Markham',4.0,1.0,196
b'8v7nrjG5K0cMleIP4Kit-w',43.814957899999996,-79.3470753,b'Markham',3.0,3.0,32
b'z5V7wTtLB2QYCUWlB4rNLQ',43.860397,-79.303184,b'Markham',2.5,2.0,13
b'AnooUWnq68nDpMjXf2n4_g',43.8454356,-79.3590686,b'Markham',3.5,2.0,9
b'0PM5oFKO29sZmL5efmHxug',43.81929731,-79.33104397,b'Markham',3.5,1.0,109
b'XAKZ6ADzAvK_IaFojW4wpA',43.85103795,-79.25362229,b'Markham',3.0,2.0,28
b'gh0mBl_SBZ6kX9mYMq-R5g',43.844189,-79.3560497,b'Markham',3.0,2.0,118
b'yefjEAyoNfHj43tz_5hhHQ',43.8254466,-79.3050432,b'Markham',3.5,1.0,7
b's38vKr-DGXMXuTkUic2qoA',43.86717207,-79.31190401,b'Markham',3.0,2.0,29
b'CkDonyHqcSw9b-mXgNc4TA',43.843523100000006,-79.37674659999999,b'Markham',3.5,3.0,7
b'co5IBdTsoNWCRch-UzmXCg',43.8291412,-79.3533342,b'Markham',4.0,2.0,34
b'W_nU2qtu1AEDDCgkCo0gJg',43.876709399999996,-79.28582,b'Markham',3.5,2.0,118
b'JMRJxV9PxIT78ticltqm9g',43.84247172,-79.38654151,b'Markham',3.5,1.0,11
b'bPLyOh-ul8azUSgZmyR2vg',43.8942187,-79.292914,b'Markham',2.5,1.0,30
b'_YoPC6DmYegxbPiKIoAKoA',43.8193417,-79.3996599,b'Markham',3.0,2.0,9
b'zkU-WMio8g6dpRJ2Y2xqvQ',43.8240287,-79.3261839,b'Markham',3.5,2.0,78
b'0tAbgK3TT6bNHtT4KOHZCQ',43.8184046,-79.32984990000001,b'Markham',4.5,1.0,13
b'hfeu3UZ-OrCgf5mp6RBjvA',43.8187718,-79.33045159999999,b'Markham',3.0,2.0,9
b'UkWme3kwg6L9rd4tCNB15w',43.860397,-79.303184,b'Markham',3.5,2.0,255
b'l9RbdvFj3d5SPtyKfobyVA',43.87154722,-79.26622868,b'Markham',2.0,2.0,12
b'TPdaLEGufV5JnONni8u9fw',43.848373200000005,-79.348727,b'Markham',3.5,1.0,11
b'7P0po-W1w7lKqJGG8UfPgg',43.84907199,-79.35045205,b'Markham',3.5,1.0,7
b'Si_gSXVFFD8MxjtQhlIGdA',43.8465786,-79.35733470000001,b'Markham',3.0,1.0,6
b'MZ4EEf4VtkeSJURIGgp2AQ',43.8769053,-79.2605982,b'Markham',4.0,3.0,38
b'OyutYVBEA505HnCnMEaXMw',43.8551955,-79.3071196,b'Markham',3.0,2.0,3
b'ZOAid_xX3q85wAkBWtFDPg',43.85648584,-79.30421885,b'Markham',3.5,1.0,52
b'fnLiPkJL0ur4-pS99bgqGA',43.8416016,-79.38562309999999,b'Markham',3.5,1.0,79
b'rkTFLIt_Z1bYMIuXfSyAqg',43.85601264,-79.33347399,b'Markham',3.5,1.0,56
b'Ns1BTbRzP-fH1VdAfe7A1g',43.84968106,-79.3220431,b'Markham',2.0,,5
b'Hm2YntlJzqP4reNZRlkCEA',43.8572959,-79.3589277,b'Markham',3.0,2.0,53
b'_jT1b-OdicvJ9LyKj_M1Ww',43.8792921,-79.26116540000001,b'Markham',2.5,2.0,72
b'XCxxPZ3Lu5mwmIo7IQRf1g',43.872329,-79.2668793,b'Markham',4.0,2.0,261
b'f3gE6ZZFd7jRBjTVgt-mAg',43.89147536,-79.2656064,b'Markham',4.0,1.0,265
b'YFvnkR2XXeU6Qz9dY4ZaEw',43.84150662,-79.30381581,b'Markham',4.5,,5
b'Y3nnWbotYR0hyQPMjXcyvQ',43.861163,-79.30484799999999,b'Markham',3.0,1.0,6
b'ERjDXFk2J7RprGrOEDR0LQ',43.84985,-79.3476695,b'Markham',3.5,2.0,21
b'O4S3FeO_YM06AsUln5YXxA',43.869425899999996,-79.3614299,b'Markham',3.5,2.0,86
b'8jl0zzTGajfSDpdVDPYn6Q',43.87044828,-79.36141251,b'Markham',3.0,2.0,66
b'bNqBMZ00lnhhfxzV8OhLfQ',43.87482699,-79.28034615,b'Markham',4.0,2.0,151
b'uAPGFNU16g4A2FjDLok4Iw',43.8281085,-79.2922042,b'Markham',3.0,3.0,49
b'IvFdi-vp823dTAWwHMT6xQ',43.858682200000004,-79.361226,b'Markham',2.5,2.0,14
b'udieC6Fa-XMlZhGTTF_RPQ',43.813453499999994,-79.399904,b'Markham',3.0,3.0,29
b'YNpwfdqBeP6j8aFrJp2sQw',43.82398619,-79.32641168,b'Markham',3.5,2.0,155
b'oJYqV8s_Y5y_mNC-38KELA',43.857944,-79.360118,b'Markham',3.5,2.0,142
b'zxy7kNPVHsqmKKn7fmGnQA',43.8439987,-79.3772066,b'Markham',3.0,1.0,14
b'irCBE0vRZ9oQZ26qMR-5HA',43.8657885,-79.29141949999999,b'Markham',2.0,2.0,19
b'eh9e2wfsXNRa4BgVSXUu7g',43.83162549,-79.30713940000001,b'Markham',3.5,1.0,17
b'4Yi3mOofceLVKxiGDPBqMw',43.8198816,-79.3313316,b'Markham',3.0,1.0,13
b'sTPdrChccIZ-37G9CNUvSQ',43.8491073,-79.36129090000001,b'Markham',3.0,2.0,23
b'C_MKyyEaJVUTldNujrnTZQ',43.82546086,-79.30610206,b'Markham',2.0,2.0,18
b'zs710LuQ8y10YsQHIjxjyw',43.8424685,-79.3868964,b'Markham',3.5,1.0,79
b'821Xtr_wwXqDc_ljjy5p6w',43.866218200000006,-79.2881832,b'Markham',3.0,2.0,24
b'u23C6gXl83XN7rzCTwtFWA',43.90573106,-79.26841736,b'Markham',3.5,2.0,7
b'9ok8nLK-8emYWbt6kwd-HA',43.86801251,-79.28275108,b'Markham',3.5,2.0,54
b'GQ9JTpWWJuN4PFRXLbKFUw',43.826483700000004,-79.3516737,b'Markham',3.0,2.0,12
b'PTPd2xamYtUCH00NqML-YA',43.82847565,-79.30158053,b'Markham',3.0,2.0,14
b'PKtGDWdu2xcuzVzq9j6ZyQ',43.888962799999995,-79.3143887,b'Markham',3.5,,3
b'AEDMHHsQ9FWb6hiv_RaQMQ',43.866688399999994,-79.28371640000002,b'Markham',2.5,1.0,11
b'oLS0qczitIoiYSpfKOZ3jQ',43.84190526,-79.3910604,b'Markham',3.5,1.0,7
b'hHYG2qoMId-y-HRkwNHoWQ',43.8577703,-79.3598453,b'Markham',3.0,2.0,20
b'uD5sNIRgl1MKUKtydL9kkA',43.868553999999996,-79.284064,b'Markham',2.0,2.0,20
b'XlqnI6vcZUJ2tRFwjYKzcg',43.859340700000004,-79.30470179999999,b'Markham',3.0,2.0,18
b'9q_O836mXia6Lqkirl2Ynw',43.8670903,-79.28447790000001,b'Markham',4.0,1.0,6
b'qyLjLT8WqUQWRyUKeSxu8g',43.819786900000004,-79.3509435,b'Markham',3.0,2.0,17
b'toHDiu9Jk856aBx4jgsU4g',43.8415066,-79.3038159,b'Markham',2.5,2.0,8
b'6mAyUJE0DI11jH-k7MX80A',43.88528779999999,-79.37202359999999,b'Markham',3.0,2.0,32
b'gCr_bfJG-c8Al3UADWBClg',43.81544965,-79.34459655,b'Markham',3.5,2.0,4
b'nDfKGbSGIsPv-q0-s-GrVQ',43.8625769,-79.30650909999999,b'Markham',2.0,1.0,14
b'zBd5JvFWuMGlnCYLaGsXZg',43.8891301,-79.31485970000001,b'Markham',4.0,1.0,123
b'LDZL1lr2VqJaspKroDqZHQ',43.82250179,-79.35031011,b'Markham',2.5,2.0,13
b'm5TwCxoYp-JcDsbepb7few',43.86131973,-79.31159002,b'Markham',4.0,2.0,21
b'6ThiBVRWO3alyc7WJ9TMmw',43.89196294,-79.26415298,b'Markham',3.5,2.0,6
b'VRYeIWCo4JPpEG6-Hm9RKA',43.82001866,-79.3508907,b'Markham',3.5,2.0,16
b'J6x28YX3K7ErHU0uPMSfyA',43.8289604,-79.3511332,b'Markham',4.0,1.0,48
b'kzMj-vVZTGewPCZnnzIlJA',43.85637385,-79.30357408,b'Markham',3.0,1.0,9
b'08BzkGvs4Z3c-oFrk3AqTA',43.8420875,-79.38598929999999,b'Markham',3.5,2.0,6
b'4vLaHphDBWOy1aI7URQ75Q',43.860397,-79.303184,b'Markham',3.0,2.0,25
b'KQTMXyC90UPz6vspdspbeg',43.8625,-79.3069334,b'Markham',3.0,2.0,66
b'xiCJPHeXVaxAW4ZEt-Y0mg',43.84809201,-79.34866905,b'Markham',2.0,2.0,15
b'qGC_GE-1fnjVvfzpu_Lbkw',43.860069700000004,-79.3150622,b'Markham',3.0,2.0,120
b'A5lD3y2eREchEdMcvWPXBA',43.82028026,-79.32522954,b'Markham',3.5,1.0,144
b'ybKhwymik8zofQTJnhGifw',43.84985,-79.3476695,b'Markham',4.5,,3
b'orjS8GtlcTRTod-y6cHwgA',43.856611,-79.3334092,b'Markham',4.0,2.0,28
b'RYGWTRVTC4_ZrfsJwpE5VQ',43.8422864,-79.3050387,b'Markham',4.5,1.0,7
b'sDQDMrb5xez4aASZ8U5qTg',43.8254466,-79.3050432,b'Markham',3.5,1.0,38
b'VsAx_YduvuobBKl2Ep8mhw',43.8436624,-79.37791240000001,b'Markham',4.0,2.0,4
b'zhE9euD7t-RlXmWk50rCxQ',43.826276,-79.3064412,b'Markham',2.0,2.0,13
b'MVBCWXTDtU8C1Qh5mMNSKA',43.8266779,-79.3508551,b'Markham',2.5,2.0,51
b'Hk1Q874UqawFXq0XzIIBYg',43.82926958,-79.3532339,b'Markham',4.0,4.0,97
b'aR0dWZeGyDjVpgJfBqYdpQ',43.85632429,-79.30431671,b'Markham',3.0,2.0,33
b'uVxoH84VOroNq9tR3d_48A',43.8410346,-79.3042939,b'Markham',3.0,,5
b'SCSDDqlCT5Lfzs1T1OH9gA',43.826494399999994,-79.3516755,b'Markham',3.0,3.0,24
b'rTJDssEcvPnq5jjGzKLTlQ',43.8400723,-79.3052947,b'Markham',1.5,1.0,18
b'lsqO3nJh11JPIcjwvu4YoQ',43.85051729999999,-79.3575262,b'Markham',4.0,1.0,5
b'JyRBZrkZCu1gouIZHolBMA',43.8483245,-79.3575464,b'Markham',3.0,3.0,5
b'SdUBFhIzwpN5IZfcr9jc-g',43.84985,-79.3476695,b'Markham',3.5,1.0,10
b'akt3IzE5eVTyNJY9RKarJw',43.860397,-79.303184,b'Markham',3.5,1.0,5
b'vw4n8QbM0600MNsyauulHw',43.85666696,-79.33352285,b'Markham',3.5,1.0,13
b'cKG42eNhcACwgXcqAyhjRg',43.84938414,-79.35218811,b'Markham',4.0,1.0,44
b'UePWfaUMDNrcL4oreTtiSQ',43.881274,-79.28852309999999,b'Markham',3.0,1.0,4
b'j1QfFrTE22PAak7rzD8OoQ',43.861163,-79.30484799999999,b'Markham',3.0,1.0,27
b'nOykFBuMLOuw3ZB2WTk50g',43.86674399,-79.28772926,b'Markham',2.0,2.0,67
b'_ONkRPvpIYdCuj9u6cIPeA',43.825455100000006,-79.304214,b'Markham',3.0,2.0,61
b'nGAw4TZ8pBT7ZQxi-Mxf8Q',43.7924912,-79.4459155,b'Markham',2.5,2.0,12
b'lv3h7WwuxPyJNLTeWeL5LQ',43.81994629,-79.33125305,b'Markham',3.0,2.0,52
b'YEHWvvwcunakP4CyteM82A',43.8294503,-79.30704659999999,b'Markham',3.5,2.0,11
b'NQF7wgb3mHfMPzy5owzxxQ',43.84991666,-79.34766201,b'Markham',4.0,1.0,4
b'ZeEKKLja4xeGuy2nApMpsw',43.86673191,-79.28390757,b'Markham',3.5,2.0,10
b'_GxIYv74MyV0pEZ28ZHSlQ',43.827122499999994,-79.4269948,b'Markham',4.0,2.0,5
b'belFmmu7TtTX1vcX9VGQCg',43.826276,-79.3064412,b'Markham',2.5,1.0,3
b'F-N0K6LemPp8RTxiqup8WA',43.83248579999999,-79.32897340000001,b'Markham',3.0,1.0,4
b'Ps-m4xYjx1dydW9EFIpi-w',43.8507974,-79.25386929999999,b'Markham',5.0,,3
b'x689C95HU7UPfPXNL4txKQ',43.826002200000005,-79.33470621,b'Markham',3.5,2.0,10
b'U5rfxvnZUupaWT_SgIV79g',43.84985,-79.3476695,b'Markham',4.0,2.0,19
b'1PMwRG0uWGxk2hIVEQj62A',43.8213144,-79.34958470000001,b'Markham',3.5,2.0,111
b'BCa9j5GEo5lnEPywu-TiFA',43.8032446,-79.4194776,b'Markham',4.5,,8
b'EqJRslgHFfw3DcKMdFtaNg',43.8487652,-79.34864759999999,b'Markham',4.0,,5
b'Ac0kKKfYGM-vKORWCg20eg',43.876451700000004,-79.2609856,b'Markham',4.0,1.0,51
b'kXdHyRxXF1yxkEG6GTQ4CA',43.8205705,-79.3511578,b'Markham',3.5,1.0,52
b'6gMxIRoEMWDg-HqibN9aqw',43.871598,-79.266439,b'Markham',3.5,2.0,28
b'ArMzv0oa_-UndTK3o3HHWg',43.8840678,-79.3729777,b'Markham',3.0,2.0,16
b'EZrkg2mrQLGaXdsiuRnBgQ',43.8266779,-79.3508552,b'Markham',3.5,3.0,44
b'MWffCS7UkTUj9yDMy4jaLA',43.8309686,-79.35745329999999,b'Markham',3.5,2.0,13
b'SEURrw7032BR15PKZ_aleA',43.8425059,-79.3059487,b'Markham',3.5,2.0,125
b'8igSEuGdCMLFrwwXgU38kg',43.84144161,-79.30360374,b'Markham',3.5,1.0,5
b'aKoDe5WZ-dgo6gD76kgNxQ',43.815543100000006,-79.3447074,b'Markham',3.5,2.0,41
b'XZPaPZUk-WSTPvN20svsCg',43.892546,-79.29126190000001,b'Markham',1.0,,3
b'uwlQWhtrqm8k7CZwrNtRsg',43.818749200000006,-79.3304722,b'Markham',3.5,1.0,39
b'aShNnWaEy8QfXpgRAMFfjQ',43.904379999999996,-79.26819470000001,b'Markham',2.0,,4
b'f5xm2RiwLv0gbmXU4BkrGA',43.8607259,-79.304713,b'Markham',4.0,2.0,3
b'0Bv0vFPdBs_E_5r1s3tHCw',43.8487652,-79.34864759999999,b'Markham',3.5,2.0,8
b'JEglRPwON2QUi8vlxbFlRQ',43.83210403,-79.30624039,b'Markham',2.0,1.0,4
b'6P9Vznv5XpaSYfUrefEcQw',43.818749200000006,-79.3304722,b'Markham',2.0,1.0,14
b'tJ3Y8chfwruslf5TTNuTNw',43.8483542,-79.3482938,b'Markham',4.0,2.0,4
b'JlH2ftC1583N5a8EIvUcMw',43.8762842,-79.2604464,b'Markham',3.5,2.0,7
b'M8_C-be43AQsH_sEgLPFPg',43.8754658,-79.25979609999999,b'Markham',2.5,3.0,15
b'-0DET7VdEQOJVJ_v6klEug',43.848373200000005,-79.348727,b'Markham',3.0,2.0,69
b'mJmsppNPPupwDzJ9QRvoNQ',43.8657885,-79.29141949999999,b'Markham',1.5,2.0,19
b'NQEN9FoxUrUPWtmTjBRvcA',43.8487652,-79.34864759999999,b'Markham',2.0,,5
b'GIbMEsayMK8nFb5OAHLJWA',43.828703000000004,-79.306172,b'Markham',3.0,2.0,8
b'kchDx0ej68wjE31J4_jFbQ',43.8401146,-79.3168393,b'Markham',3.5,3.0,37
b'LJEoHxM8wow4nSaObqXzSg',43.8696345,-79.3612645,b'Markham',3.0,1.0,38
b'ea3kF5zspg4eNmxSbZixsA',43.8254466,-79.3050432,b'Markham',4.0,1.0,10
b'YdYaBff_a50rNEI8tXTp9g',43.88562984,-79.37348485,b'Markham',2.0,1.0,10
b'wRwEAAXKW6wsD6s2wBjFKQ',43.8243086,-79.3043277,b'Markham',3.5,,3
b'Dl-hhPCjRJM221XSwiuTbg',43.82061462,-79.32676693,b'Markham',3.0,3.0,55
b'm2OL7kEeI8O7yfZuzLLPxg',43.8685158,-79.282552,b'Markham',3.5,2.0,52
b'a7-LY8FhQovF-_6w-mHClQ',43.8509381,-79.35130799999999,b'Markham',3.0,,4
b'QCaAoQkiu6qYodoFrTbHAQ',43.84918466,-79.34735403,b'Markham',3.0,,3
b'8Moo70rNhVb8Ji9PQNS3iw',43.9050284,-79.26781255,b'Markham',2.5,2.0,26
b'7tzXkDX8HmpzRRoJyLBKcA',43.84345059,-79.37759366,b'Markham',3.0,2.0,213
b'MQLnw9COMm2wOvjKI9Qn5A',43.8531969,-79.2559931,b'Markham',3.0,2.0,19
b'Vji_YCoJBoDTPkKy_Dmq7g',43.854317,-79.3352276,b'Markham',3.5,3.0,12
b'XQjcN_irExWzMmglH6Nc9Q',43.8786269,-79.242797,b'Markham',3.5,2.0,70
b'-e_LJpqkw3Yrb8CamUIEPw',43.818749200000006,-79.3304722,b'Markham',3.0,2.0,9
b'lh9ZqHBodHoHkRZzshaXlg',43.8237483,-79.32641140000001,b'Markham',3.0,2.0,57
b'pQUjQZgOzUX-KUXYHZKpng',43.823494000000004,-79.4259373,b'Markham',4.5,2.0,15
b'9fKYo_6qLPofBbts0JAnSw',43.87594326,-79.26048277,b'Markham',4.0,2.0,75
b'miUmZ27vC-gHoyEmUQMYuQ',43.8775272,-79.2607349,b'Markham',4.0,2.0,19
b'SmYGe2qXVsP8zXjhwJkNBw',43.8280399,-79.3038659,b'Markham',3.0,2.0,16
b'jWrnT-VNIsTKjHCTyj2hdw',43.842251,-79.3904441,b'Markham',2.5,2.0,18
b'cAni154peOBRMsgVFLVnCg',43.833376200000004,-79.3077753,b'Markham',3.0,2.0,28
b'uP2-0N59oW5lggIyvdfWkQ',43.8279501,-79.3053824,b'Markham',3.5,2.0,80
b'YDRnoQr8UyxPEXi-5ZrVJg',43.84258585,-79.38801296,b'Markham',3.0,2.0,134
b'AL_dmG-SSeykB0X5SpDiwA',43.8482833,-79.3501248,b'Markham',3.0,2.0,13
b'vFYvsI5KK_XGWCifg8LvCQ',43.84985,-79.3476695,b'Markham',3.0,1.0,5
b'Hrbwae-MS_7JlS27uoigIA',43.8203984,-79.3255037,b'Markham',3.5,1.0,21
b'nghPxiuQQW2tUdE4R0ytww',43.8657885,-79.29141949999999,b'Markham',3.0,2.0,7
b'DuUt446iZMHowlt9AQ5kNg',43.86754891,-79.28351585,b'Markham',3.5,2.0,30
b'AtUtG-oQp1rkk6ZdYcfSzw',43.83265638,-79.30658311,b'Markham',3.0,2.0,160
b'hQEv42cdsFcxGGi4Nnr6yA',43.91165263,-79.37354089,b'Markham',2.5,1.0,3
b'-7EwIdxcRC5McO35DVfeSQ',43.818655799999995,-79.3304513,b'Markham',3.5,2.0,94
b'StRX1019jguRr9XuGX2FZQ',43.893558299999995,-79.262854,b'Markham',2.5,2.0,21
b'Vzx5hH_qZ9Uf2O7COjdfFg',43.815129,-79.34423100000001,b'Markham',3.5,3.0,11
b'adaYhaXJR2TeU7UGZbJ6tQ',43.858644899999994,-79.3029632,b'Markham',4.0,1.0,10
b'euPZCtrFKTRWYsd8qJVkRA',43.86820492,-79.28831197,b'Markham',3.0,1.0,6
b'SbwUKzeMlSZs-mQt0lOGQw',43.8580802,-79.33203359999999,b'Markham',3.0,3.0,79
b'YfeTH4jtz_gpWz0QRYJFnQ',43.84836499,-79.34879009,b'Markham',3.5,2.0,99
b'Q6ql-vhEfkUiry1r0XoDTA',43.8477518,-79.34849203,b'Markham',3.0,3.0,20
b'APLfzC4bgq7wVwq3aoDE9Q',43.85624407,-79.30340149,b'Markham',3.5,2.0,44
b'4x8N-KO2TFJFVveefrQiSw',43.8422429,-79.3056849,b'Markham',3.0,2.0,17
b'TetRSApdg8YUcQ-WvDyU8g',43.86050152,-79.30425502,b'Markham',4.0,1.0,3
b'0-8DTqVaY9RJU0PAWD2l6Q',43.84814247,-79.34954338,b'Markham',3.0,1.0,77
b'zCiQ61Z2Gra8TKM65qJueA',43.893193200000006,-79.37682109999999,b'Markham',3.5,1.0,40
b'tQ9BtMUHFr8rdpmjmayUcA',43.83362386,-79.3065844,b'Markham',3.5,1.0,59
b'6rv2q1906KMiJTW2QpXv6A',43.8421682,-79.3904432,b'Markham',2.5,2.0,18
b'AhQ8vvgBOPJ4iFMC8ZbdNw',43.844189,-79.3560497,b'Markham',4.0,2.0,4
b'2pHvdKA1J43-85mfVPvAyw',43.85622782,-79.304366,b'Markham',3.5,3.0,7
b'rtYKSdUHpQO2Nyqy1-uAsQ',43.8181704,-79.34976429999999,b'Markham',3.0,2.0,19
b'Cy1bPenka65T2AUBAn-WkQ',43.8567331,-79.30364314,b'Markham',3.5,2.0,54
b'vfxgy-NJlpd6mrMTZTMSBg',43.892710799999996,-79.2581695,b'Markham',4.0,1.0,15
b'tUxOHYVW6e1l2frBQ7pAtA',43.861282200000005,-79.3036518,b'Markham',3.5,2.0,32
b'VC-S7T5aSOP9HTKu_TNHKA',43.87005447,-79.36089993,b'Markham',2.5,1.0,41
b'_oFeTg8lIbmH1cVTt0x-rw',43.88887235,-79.31566212,b'Markham',3.0,1.0,12
b'5H4coiGpvG3XdnU1Nde2xQ',43.8607259,-79.304713,b'Markham',3.5,2.0,49
b'j1fyIuQwrJWHJwR38UMysQ',43.85352608,-79.33883004,b'Markham',3.5,,3
b'oLTPdss2n5ug4B-RvNbTSQ',43.9033711,-79.26715982,b'Markham',4.0,1.0,7
b'Szb2I5CMW-vndUF_KS8H2A',43.866257399999995,-79.22925079999999,b'Markham',2.5,2.0,9
b'GPGgN0_7xFdB6gqwaMabOA',43.82825168,-79.3060578,b'Markham',3.0,2.0,75
b'-Lgj3gdQZiVngAEc1yALzw',43.8653731,-79.31015570000001,b'Markham',4.0,2.0,146
b'qEe0mdIax3pz3DH4RPj3sQ',43.818749200000006,-79.3304722,b'Markham',4.0,2.0,31
b'QB_KRwMlC-AtWdqWQ_Q_mA',43.858037700000004,-79.332717,b'Markham',4.0,1.0,4
b'HV25Suwkzd-roRc63sEmtA',43.848271000000004,-79.349289,b'Markham',3.0,1.0,73
b'vBIugbXbkxNb5tCtck1tSg',43.8261994,-79.30631740000001,b'Markham',4.5,,3
b'cWZl0jdkJI8O7XBRIWPOPw',43.8561732,-79.3033935,b'Markham',4.0,2.0,4
b'6MomUPA3w0JicziqJLumQQ',43.8184046,-79.32984990000001,b'Markham',3.5,1.0,6
b'ax4ztJvW28xgGvI0OPqGcQ',43.861278999999996,-79.30480209999999,b'Markham',4.0,1.0,146
b'dnNjNkcYSjFudOLcOFkxlg',43.845358000000004,-79.353206,b'Markham',2.5,2.0,14
b'oDBz4UnpaAVkBFGEAUaQPA',43.848365,-79.34878979999999,b'Markham',4.0,2.0,39
b'5ubokMNw8qfbX2WtxgJG1Q',43.842023600000005,-79.3109907,b'Markham',3.0,2.0,52
b'eOvNqnu9CZDCHe26sqj7bw',43.889224600000006,-79.3163343,b'Markham',3.0,1.0,17
b'HTkY1GABYTivk-DKWyrlEw',43.85740902,-79.32405442,b'Markham',3.5,2.0,269
b'STKP9Z3dMFj7cFtIWXtldA',43.842219,-79.30538759999999,b'Markham',4.0,1.0,15
b'rEa4g6c2EJr2UvZe0hVegQ',43.9072104,-79.2667048,b'Markham',2.5,1.0,22
b'_xavJB9Uia1CsPDlGFw5Qg',43.8607259,-79.304713,b'Markham',1.5,1.0,13
b'Cs8BaiKkyNU6mzxq9nTsmg',43.86851912,-79.28239049,b'Markham',3.5,2.0,166
b'E6ZQcz49HADpQh2b7GNgrw',43.853367999999996,-79.25394320000001,b'Markham',2.5,2.0,67
b'_itQAuwxJQx4zwRp1Qc31Q',43.84985007,-79.34766959,b'Markham',4.0,1.0,7
b'NuGZD3yBVqzpY1HuzT26mQ',43.85420183,-79.33724184,b'Markham',3.5,2.0,252
b'CMkayuNDHPcd1dxO32kJyA',43.825509999999994,-79.33476999999999,b'Markham',1.5,2.0,10
b'2affqR8mmNPuW1HdnFUAng',43.860397,-79.303184,b'Markham',3.0,,7
b'4eAKvnILoB8n4wUWd3uy3Q',43.82628037,-79.30644102,b'Markham',3.0,2.0,41
b'ywczsfJ5mTSIAL2PnIAKog',43.86274583,-79.30095859,b'Markham',3.0,4.0,10
b'v95ot_TNwTk1iJ5n56dR0g',43.834295000000004,-79.30528199999999,b'Markham',3.5,2.0,23
b'zEp0CsZSd4tDuA1AezfPvw',43.82680332,-79.30495709,b'Markham',3.5,2.0,10
b'Z4GRRhxLpHqXiiHeV99ARQ',43.851458,-79.351076,b'Markham',4.5,1.0,13
b'p3RUmQhsTjErcorfD6zunA',43.8719979,-79.2689475,b'Markham',3.5,,3
b'ZUd2Bx-fidHVCf_WzJHY1Q',43.88913041,-79.31485981,b'Markham',2.5,,4
b'7Ym8NVxTO9b1FLGeWGp_Fg',43.8493955,-79.3261296,b'Markham',3.0,3.0,33
b'fMt-wU8Topyja7u9qPJaqQ',43.84806106,-79.34867978,b'Markham',2.5,2.0,18
b'JNHtdEWCOreJ_S_Fj41bqQ',43.8609862,-79.3114829,b'Markham',3.5,1.0,46
b'mnJ0WX9qTS9CxZWFioaFMQ',43.870387,-79.361598,b'Markham',2.5,2.0,24
b'pw09B1aBMNi7eYQnSR0UiA',43.865656200000004,-79.31096740000001,b'Markham',3.0,1.0,18
b'y1uN3Tj97O9u2xCVhJuaLw',43.84985,-79.3476695,b'Markham',3.5,1.0,13
b'zdqvzYtIZYMCRAQRNfcKIw',43.840622100000004,-79.25305300000001,b'Markham',3.5,1.0,15
b'Ty7IyZN721l6VvBfc_zRVQ',43.878780299999995,-79.23909300000001,b'Markham',2.5,2.0,11
b'lDbqs6yNGC5gRtbvvP9amw',43.85622252,-79.30408603,b'Markham',2.0,2.0,13
b'dnL3yOplcB8x7-aVOpWD_Q',43.8855815,-79.37065770000001,b'Markham',2.5,2.0,35
b'82_uBRv_DfOIQi98KP52MA',43.8626395,-79.3036989,b'Markham',3.0,,4
b'gdAzvrNVrVClYMONc__SvQ',43.8891301,-79.31485970000001,b'Markham',3.0,1.0,6
b'9CJGlFmrHBt9htRv6on32A',43.853621399999994,-79.3379319,b'Markham',1.0,,3
b'7U5-h997PyWX4B8uMk4Tcw',43.89525649,-79.26535328,b'Markham',3.0,1.0,21
b'kYNlCSoJOVgAeu3QqS9ayw',43.8261994,-79.30631740000001,b'Markham',3.5,2.0,25
b'9-lGjghZUEPmKyviTyYLUA',43.84826129,-79.34958052,b'Markham',3.5,1.0,27
b'Q-eUzUjOwRlAXkwN8qDXXg',43.8316593,-79.30762170000001,b'Markham',2.5,2.0,16
b'vGxrs041ENPaRWH435C2MA',43.849681200000006,-79.3220427,b'Markham',3.0,2.0,84
b'zutMSVmRLPjEbeF8aFtSnQ',43.8954299,-79.2649526,b'Markham',2.0,2.0,25
b'9b-rXZbHAAxv_0sSWlcyEQ',43.861140899999995,-79.3107603,b'Markham',3.5,2.0,43
b'b8buqCiXOQUrPcye8W0YEg',43.868303499999996,-79.2884833,b'Markham',1.0,,3
b'GDiSja9Y9yJSeROIeApyEg',43.846675299999994,-79.35773509999999,b'Markham',4.5,2.0,15
b'NI_4CRkYsvPTh_FvC35F-Q',43.8505186,-79.32568721,b'Markham',2.0,2.0,9
b'Vi5TwzEsoo_gaG1cvc1zdw',43.833376200000004,-79.3077753,b'Markham',3.0,2.0,9
b'aa0uz1y1-ziTOveuE34HTw',43.858115399999996,-79.32371690000001,b'Markham',2.5,3.0,42
b'vGpRVpq_UzXNw2UiHP_1Og',43.8922179,-79.26467729,b'Markham',3.0,2.0,18
b'_PKXarw3GjlbwbXhjdpUMA',43.88111258,-79.28877371,b'Markham',3.5,1.0,27
b'7n23TATDkmVVo6UzNI5UQQ',43.8414955,-79.27813299,b'Markham',3.0,1.0,4
b'YwDZUnYeWyNFgBelSdE-Fw',43.84581244,-79.36160171,b'Markham',4.5,2.0,3
b'0R87tcWUqkWXAD5z0vZcuQ',43.8625768,-79.30650909999999,b'Markham',3.0,2.0,52
b'LlcElqJnuQeol36TS2EiiQ',43.84849798,-79.35016707,b'Markham',3.0,2.0,8
b'Vu_BoGOSL70odzqCBr_vIg',43.8553051,-79.2569666,b'Markham',3.5,1.0,15
b'xI4IId1ZXfSflFvfbAtTVQ',43.8553051,-79.2569666,b'Markham',4.0,1.0,27
b'Qayz6avNEPNS6Q5UThYHCQ',43.848365,-79.34878979999999,b'Markham',3.0,2.0,224
b'WM7Ckyt1oh2LaQPdkYhMwg',43.842504600000005,-79.3867522,b'Markham',3.0,2.0,11
b'MSA9WlcVCjlektkeDX5keA',43.8203984,-79.3255037,b'Markham',3.5,2.0,149
b'sk_ukei0s48FBIirQLpXfw',43.85129179999999,-79.3538709,b'Markham',3.5,2.0,38
b'wR71mnXAJMVmgMBrHevndQ',43.8512704,-79.35088370000001,b'Markham',3.0,2.0,45
b'-56TP_w4VG2oNGpauDMOOQ',43.86051458,-79.30475995,b'Markham',3.0,1.0,4
b'0ZQCJO-btoKOk3mErTYKwA',43.85673320000001,-79.3036434,b'Markham',2.5,2.0,25
b'xeSE3ct_V9U3_ibcrpb3_g',43.8667454,-79.28810109999999,b'Markham',2.5,2.0,94
b'U02TVsrHqwTrbvyjDuNaRA',43.85644928,-79.35951504,b'Markham',2.5,2.0,5
b'vfjPOe9bzErPTq3OLMXLfg',43.821399,-79.3251137,b'Markham',2.5,2.0,138
b'CG4KapQ-CXygjnqlN9ytLA',43.8783688,-79.23820909999999,b'Markham',2.5,3.0,7
b'SJtbwP4_ed2B1AvIXd-EVQ',43.842504600000005,-79.3867522,b'Markham',3.5,1.0,200
b'VqZG8rMYPKa5Cr5yi3AR_w',43.8672112,-79.284591,b'Markham',3.0,2.0,7
b'7wFdubzWH4ig08AcoibXeA',43.842296600000005,-79.38655853,b'Markham',3.5,2.0,5
b'fTkbO_-v88Ldn_cJwxHYQQ',43.87837628,-79.26120758,b'Markham',4.5,2.0,36
b'txAKid34IUd9spo6MLF_Sw',43.8684631,-79.3120618,b'Markham',2.0,3.0,20
b'PPkMZMS1Ogdrm4NhyxgpFA',43.8664303,-79.2849943,b'Markham',2.5,1.0,16
b'GkY6UWWn0Fz2ehcuBp66pg',43.829094,-79.306251,b'Markham',4.0,2.0,89
b've4v2ewMRPBmFVF5Nhno-w',43.8719979,-79.2689475,b'Markham',3.0,1.0,22
b'he_aQrSoqOUTBVEe8yPkQw',43.85078457,-79.35521364,b'Markham',2.0,1.0,13
b'b2mVQLlc_beZP-Iop8JgFg',43.874899799999994,-79.2591737,b'Markham',3.0,1.0,11
b'-I7Vz5eDjc63xKmmt4Qx4g',43.8492486,-79.3236155,b'Markham',2.5,2.0,71
b'2PrumlGyBhyqzS4m96FYtQ',43.870748,-79.2701198,b'Markham',3.5,1.0,11
b'URk3CDgSM42E2PWPKKFhWA',43.8570556,-79.35891090000001,b'Markham',3.0,2.0,9
b'n0JifoI1yWxaBiv7VLRc4Q',43.8564607,-79.3371051,b'Markham',3.5,2.0,18
b'3phfrYKI1_vjlmJ2zQPAjw',43.8254466,-79.3050432,b'Markham',3.5,2.0,25
b'XuZ9pksVQBIpmVQm6UO2YQ',43.860397,-79.303184,b'Markham',4.0,2.0,76
b'EhTYPpGzs2MfDspt1nU7Hg',43.874899799999994,-79.2591737,b'Markham',3.5,2.0,36
b'0C38ezzbBX-dWxpnnwYAzg',43.866688399999994,-79.28371640000002,b'Markham',2.0,1.0,39
b'tCYknqUdD-4TnEn8RtxBjw',43.8222434,-79.3259578,b'Markham',3.0,,4
b'pAQwza9U8OLY65Q73pAnxQ',43.86296774,-79.30133779,b'Markham',2.0,2.0,64
b'f9OqUyBsY4wCfsnrcIj_Xw',43.859340700000004,-79.30470179999999,b'Markham',2.5,2.0,18
b'D84t4wCarKR7h9lbWZDFmQ',43.86015655,-79.30477504,b'Markham',2.5,1.0,11
b'WFLl7zdzeLj6S37Hc_6lKg',43.85967377,-79.30503487,b'Markham',3.5,2.0,9
b'G2ZP40c11X5ZZh1xHaJVMA',43.8667454,-79.28810109999999,b'Markham',4.5,1.0,3
b'tZzWHN84ifO5T7aiLFzLAw',43.8490719,-79.3504517,b'Markham',2.5,1.0,11
b'iZtv9s9lBA6DviQ2Mbm-SA',43.8359655,-79.3545948,b'Markham',2.5,2.0,5
b'tm2sScuCKHnzpDvXdDQ7BA',43.865656200000004,-79.31096740000001,b'Markham',2.5,2.0,3
b'jNiZgCwZj4CNw1noxiC8PQ',43.8669842,-79.2284136,b'Markham',3.5,2.0,49
b'H-GwatUcZ-lrnfWFH3S4IA',43.907233000000005,-79.266688,b'Markham',3.5,1.0,7
b'QJg8AuqITB4t_iKrLI6tOw',43.860933,-79.2241246,b'Markham',4.5,1.0,21
b'K4-J1A_ZIzG2yNkee0KOaA',43.82085621,-79.32655375,b'Markham',3.0,2.0,95
b'W1pj7OeYz5oF42vACSoxmA',43.85142570000001,-79.2552522,b'Markham',3.0,1.0,13
b'tNJBD6CleWS821Y024GTqw',43.857902,-79.332164,b'Markham',2.5,1.0,21
b'y76Gvmb75VdhOoxWIvUSzg',43.831215,-79.3536605,b'Markham',4.5,2.0,3
b'T5f2zlczcS00W70e_omQ6w',43.8469874,-79.3574889,b'Markham',4.0,1.0,10
b'Ju6GKbZn1HlCyyQr8D-psg',43.881274,-79.28852309999999,b'Markham',2.0,,4
b'WNiQtCdlo7pEb8PnYqKxmQ',43.865158,-79.292465,b'Markham',3.0,1.0,3
b'ivHtwEweB5TtnupGXriTOQ',43.8714125,-79.26570790000001,b'Markham',3.5,1.0,32
b'HWf16iMb2fsCDl9krQd5EA',43.821619,-79.325195,b'Markham',3.5,2.0,57
b'EfCokOBABzEFRlnvKr6-tw',43.8420875,-79.38598929999999,b'Markham',2.5,1.0,5
b'_VPprqqmGb276dJfwPDLaw',43.9025072,-79.2498641,b'Markham',4.0,,4
b'yU5IGuiwQq9QeIHF8M75WQ',43.89296926,-79.29120339,b'Markham',2.5,2.0,37
b'I8zlwb9gynj3RSuRKmP0rA',43.8406705,-79.3207037,b'Markham',3.0,2.0,13
b'd7ZqJlSbyZHETKzj9XhJAg',43.81535829,-79.34469929,b'Markham',3.5,2.0,30
b'Ro-_PAzq-Rdxl5JhM3WmoA',43.849681200000006,-79.3220427,b'Markham',3.5,2.0,217
b'LKDGDUiDKTuo93gwF5guPA',43.84985,-79.3476695,b'Markham',4.0,1.0,39
b'kExyUZCLPoqwtrKOorQSZw',43.89728771,-79.31974253,b'Markham',2.0,2.0,14
b'naYlngFbak0alEsjlFP4pQ',43.85783952,-79.35961865,b'Markham',2.5,1.0,7
b'Qh28hjL2t6BMcge0B2mstA',43.8373886,-79.2511442,b'Markham',3.0,2.0,6
b'mPKgBVRNkdeZ2-SaXi6uKA',43.85129179999999,-79.3538709,b'Markham',4.5,1.0,81
b'OYfXGMEwcMKj_gty5e_Udg',43.861307200000006,-79.3047881,b'Markham',3.0,1.0,77
b'Mj453xsWDpBpCxMWkfE7Cw',43.8681725,-79.28426590000001,b'Markham',3.0,1.0,42
b'0VtWeDkqzj9CE3MF0geWYA',43.848365,-79.34878979999999,b'Markham',2.5,2.0,27
b'4_knkqKbb0ZUYusiEzk2hQ',43.88917542,-79.31562042,b'Markham',3.0,1.0,4
b'q1IxHtEyuYLk7hNnMPOm6g',43.889148,-79.273113,b'Markham',4.5,2.0,3
b'tQH_DyUIWYOHMD7CYg6-jQ',43.89586129,-79.26500693,b'Markham',3.5,2.0,32
b'UX1pAKQtRHX5fejaWbIy6Q',43.8259555,-79.30786450000001,b'Markham',3.0,2.0,22
b'f1iTkj320DVn4TyWcvsUjA',43.8458674,-79.2942874,b'Markham',3.5,2.0,13
b'G8yK38PuRB6H9c0M0gJedg',43.860397,-79.303184,b'Markham',3.5,2.0,7
b'y6HUE8dzHU-PWZ1mkVfSnA',43.8436698,-79.3778179,b'Markham',2.5,2.0,14
b'Pg12K0aiPMz2FpmkzxQnaA',43.85349179999999,-79.2551317,b'Markham',4.0,2.0,24
b'HGZh_GGToep5AMb9TikrmQ',43.823872200000004,-79.3258903,b'Markham',3.0,2.0,69
b'q4QuS-MaVSXbIFkUZlxZ9g',43.8714467,-79.3431973,b'Markham',3.0,2.0,36
b'5UNKDcEJC1FziV7uBczzfA',43.82666133,-79.35077392,b'Markham',3.0,3.0,106
b'kE9nB1Ym3ZMTU-BE5sZGUQ',43.8229894,-79.3491865,b'Markham',2.5,2.0,23
b'nyLHFPxEoMfzrs3g7hAsVg',43.8745675,-79.2570478,b'Markham',3.0,2.0,14
b'vTlIUtYXdPxCk6UB746w8w',43.82669310000001,-79.32719279999999,b'Markham',2.5,1.0,55
b'ZlxJI_JSDJTUC-1atHRZWQ',43.8558814,-79.3336422,b'Markham',3.0,2.0,34
b'xrFL7DL5SisPMWDarg52pA',43.846786,-79.3578509,b'Markham',3.5,2.0,71
b'VGZ_MJ7P3vSQMYyQf-mNjw',43.8430309,-79.3877606,b'Markham',3.0,2.0,46
b'Dx-Af02_QGi0dzItv4ANTg',43.8505289,-79.3499071,b'Markham',3.5,2.0,8
b'0F42T07SdUQY24pidn9QwQ',43.89363639,-79.26300082,b'Markham',2.5,2.0,49
b'OOBSQF72cl3jBBpLQWhyzw',43.840625,-79.2524769,b'Markham',4.0,2.0,43
b'pROG1SLxBsWlrmyeOoA0-A',43.84985,-79.3476695,b'Markham',3.5,1.0,12
b'WiLKkmQu_dlTaAxEObG7lg',43.8891301,-79.31485970000001,b'Markham',3.5,1.0,6
b'1oD3ndgNI997hTEqkEh8EA',43.86829742,-79.28333512,b'Markham',2.5,2.0,99
b'U5DRVX1usSJzGFCM2-ZdKw',43.826394,-79.306475,b'Markham',3.5,2.0,44
b'M8Pl5qAmmrODfHeX6GOjsw',43.81507508,-79.34401274,b'Markham',3.5,2.0,144
b'I-mDBT0rs1ReKpyO4t0ciA',43.8484518,-79.35030185,b'Markham',2.5,2.0,14
b'QfYePNeb1_VVXHOAan5P9A',43.8261994,-79.30631740000001,b'Markham',3.5,2.0,12
b'lDukJgkL2acR_yPDkvnwjw',43.824982899999995,-79.3075408,b'Markham',3.0,2.0,32
b'ST0hjnNVHHwGohN2514HIw',43.860397,-79.303184,b'Markham',4.5,,3
b'OAtG5YWSfqR10OmhHmDBBQ',43.860397,-79.303184,b'Markham',3.0,2.0,6
b'a0epECkZLIs5TkKtDNuyAg',43.85334548,-79.25743103,b'Markham',3.5,2.0,17
b'IUHv7Jm3GdCSYyz1A_7VVA',43.85388654,-79.33754920000001,b'Markham',4.0,1.0,4
b'RyTKm8McePjwsL8ggEHOYA',43.849681200000006,-79.3220427,b'Markham',3.0,2.0,64
b'kJL5YIQJJCp03RtLQvbf0A',43.8685617,-79.3572401,b'Markham',3.5,2.0,6
b'IVycgW_eRmCpIfVN_eiPIA',43.8480724,-79.2526062,b'Markham',3.5,2.0,12
b'QGTqGNLZbBA1QD8L_fO9ZA',43.84854015,-79.34854774,b'Markham',3.5,2.0,475
b'hlwTMF6p-iCZKY89YcBTXg',43.8707588,-79.30401459999999,b'Markham',3.5,3.0,65
b'Du199LbeUS-oVmld_dcq1g',43.84985,-79.3476695,b'Markham',3.5,1.0,14
b'i5KUubey8dD1M8hj6Srj_g',43.828469500000004,-79.3059812,b'Markham',4.0,1.0,4
b'9AVuEdSl85ZEd49zrdsK5g',43.89392419,-79.26404584,b'Markham',4.0,1.0,11
b'y5OFXka4tt7zHQB6KkFYjQ',43.8603601,-79.30275299,b'Markham',2.0,1.0,10
b'GddF9NCklDiGDk-d9xtTNg',43.8229026,-79.3504303,b'Markham',2.5,2.0,23
b'RleTq9ZOSE2ymZwxtRkEtg',43.828469500000004,-79.3059812,b'Markham',2.0,1.0,24
b'QHZw2L6LV1qmExNJbfhIsQ',43.844189,-79.3560497,b'Markham',3.0,2.0,121
b'_W_qYeOmM52rg-g5XbCaLg',43.8247141,-79.3368225,b'Markham',3.5,1.0,5
b'nJ71XaqT27UzIIzSQDHqOw',43.888962799999995,-79.3143887,b'Markham',3.5,,5
b'a60ZJVSe893i_Gl-ym_SIA',43.85740032,-79.30303459,b'Markham',3.5,2.0,7
b'TbjAR4JMgBuPXiMUKsO9RQ',43.828703000000004,-79.306172,b'Markham',3.5,2.0,15
b'Cx0wkl85Xdw9OCQkbXMjzQ',43.80354751,-79.42055925,b'Markham',4.0,2.0,109
b'NbaP_lZTns_GbTSkQz_KIw',43.85937979999999,-79.3043375,b'Markham',2.5,2.0,20
b'kE7BXayByJplaUZ_0r7QSA',43.901998,-79.3248205,b'Markham',4.0,,7
b'anhLhbtprJ2QkjRxmLRqsw',43.82546543,-79.30576497,b'Markham',4.5,1.0,8
b'erRdoBvb4ywWky3KMjtVdg',43.861282200000005,-79.3036518,b'Markham',4.0,2.0,59
b'kRIPB7GPTHRj3cktAKAgsA',43.87459642,-79.2590699,b'Markham',2.0,2.0,6
b'Tf1zl5szY-u8C3J0AcygDQ',43.83148,-79.40545,b'Markham',3.5,2.0,73
b'zicAwxhq82xVIPgbRIsmNg',43.84935708,-79.25288124,b'Markham',4.5,,3
b'6Bmq3b91hqTwMFn5cpPWzQ',43.827173200000004,-79.30455450000001,b'Markham',4.0,1.0,30
b'UpXigk3SzQR9v4xct_xEVQ',43.82994420000001,-79.3529805,b'Markham',3.0,2.0,41
b'6NWdAJFfW3w-CqUQAcH0uw',43.818655799999995,-79.3304513,b'Markham',2.5,1.0,7
b'GmNXmd_UAtG5FEnlEFfkkQ',43.812804,-79.358631,b'Markham',3.5,2.0,26
b'osvcl7Fh_J5VwUikh5Vskg',43.82542609,-79.30479218,b'Markham',3.0,1.0,113
b'HTipzqMegyxUfzlrXHvY-A',43.8420875,-79.38598929999999,b'Markham',3.5,1.0,33
b'7CHr-klnXenyow0H8b2Cyg',43.85937979999999,-79.3043375,b'Markham',3.5,2.0,33
b'f1ekudjT4wtVZBcI_GIcFA',43.85733414,-79.30405602,b'Markham',4.0,1.0,18
b'lTIt-3zKyluCPFwdu78JSA',43.8891301,-79.31485970000001,b'Markham',3.0,1.0,12
b'NdPbp-3uQKGnOpPo3s2Y8g',43.8553051,-79.2569666,b'Markham',2.5,1.0,23
b'mVtV6vSMMMxLk_zIWYWG0A',43.86533370000001,-79.2919863,b'Markham',4.0,1.0,5
b'VkNdl9wMvsz4xFu7bqQrGg',43.8184911,-79.3297963,b'Markham',4.0,1.0,8
b'0OQHtON0BsQPL0235RC5xQ',43.85937979999999,-79.3043375,b'Markham',3.0,1.0,4
b'sVEE_Mp3EbWW1UIhfActVA',43.893994,-79.26305500000001,b'Markham',3.5,1.0,11
b'dPVCSAu8xVIDXD-C3s6c5Q',43.8607259,-79.304713,b'Markham',4.0,2.0,14
b'Lv9wzkvPrVG-VdPGcw53_A',43.82262258,-79.31355233,b'Markham',3.5,3.0,70
b'OsB_ZtFAaLDCPzvlAjHQ-w',43.82196672,-79.34915051,b'Markham',3.5,2.0,80
b'v0QLhufExBeb-DoSteAaww',43.815714,-79.42413859999999,b'Markham',3.5,2.0,11
b'AY97dZLFOzhXyAKsQuEWLw',43.82825371,-79.32582735,b'Markham',3.0,2.0,17
b'gnkyosoOepBUqog7iDdggQ',43.861282200000005,-79.3036518,b'Markham',3.5,2.0,118
b'VFkOmTy0o1OPuO5OfRjNEg',43.825631,-79.334446,b'Markham',3.0,,3
b'f8R1qFYugdhQRR-ym8SUxg',43.8679312,-79.28187390000001,b'Markham',3.5,2.0,56
b'ZBSVDaDTI-WQsYzGxrq7ag',43.879205,-79.261301,b'Markham',3.0,2.0,5
b'_Z3uT_S66jD9Pr9jFVEZmw',43.8029027,-79.41993659999999,b'Markham',3.5,2.0,10
b'tTC2xUWC5UOqh_zuIEAYcg',43.866726,-79.28808599999999,b'Markham',3.0,2.0,22
b'VU5btOpyINHmCfGajZJe0Q',43.8254466,-79.3050432,b'Markham',3.5,2.0,20
b'IOn53O75uac_cTjHkQkkJQ',43.850809000000005,-79.325576,b'Markham',3.5,2.0,19
b'bbs_Kv-f_1QnkJ0jErguDA',43.868204600000006,-79.28831190000001,b'Markham',3.0,2.0,3
b'ELWg-1ychqYD0XtM-2IRDA',43.8792921,-79.26116540000001,b'Markham',3.5,2.0,37
b'syRPwPqdV6h3eenuV1d6rg',43.84845227,-79.35014731,b'Markham',2.0,2.0,139
b'htQgj-ANQpZGpIpkkrEmyQ',43.87923407,-79.26132006,b'Markham',4.0,2.0,342
b'J255D4FdBCZYEhFr3z8_kA',43.848192,-79.349857,b'Markham',3.5,2.0,20
b'OpHAlSbQLZEztoaRMJnuAA',43.8480726,-79.2526064,b'Markham',1.5,,3
b'aWndhjjBzYgk5OOYflbK4A',43.8835282,-79.2619438,b'Markham',4.0,2.0,22
b'TITY-kzuk2hLumFrPnVlgA',43.8935414,-79.2629585,b'Markham',4.5,1.0,63
b'EZUhUW3S8qG9kEfnkWlZxg',43.8294503,-79.30704659999999,b'Markham',3.0,2.0,17
b't7wcfSi4yOLXGW6FBq0W8Q',43.8503529,-79.2541844,b'Markham',3.0,2.0,44
b'NdpvGGF4cLrdnA6ydSZz3g',43.8567634,-79.3045353,b'Markham',3.0,3.0,84
b'r1SfvWKoRQcoMoGy9ou-JA',43.851112,-79.35182640000001,b'Markham',3.5,1.0,23
b'H2ljOK6pDHJ-iQzHkijW0w',43.85439404,-79.33713086,b'Markham',2.5,2.0,69
b'_vVV9WMEQa7G2dutQgmhJw',43.82580773,-79.30442434,b'Markham',2.0,,6
b'o_TPuqXuH-O_FbEkFNACUA',43.84829369,-79.25333397,b'Markham',4.0,2.0,36
b'RnyuG8Ngt1rr3mFD3oYicw',43.8652224,-79.2924453,b'Markham',3.5,1.0,22
b'pOvTYClFgMm-wAXPW1CnhQ',43.8550516,-79.2563367,b'Markham',4.0,2.0,108
b'sePTDv1dGHPID7kwuNzXaA',43.8267282,-79.3044585,b'Markham',4.0,1.0,134
b'5XVabANkehj7oH-Z7YZkwg',43.86060281,-79.3119999,b'Markham',4.0,2.0,298
b'XBRMRpb9aqCLRLBPbI2n4g',43.84927945,-79.32342377,b'Markham',3.0,2.0,19
b'EKnbQlntPX0FsgAC94XniA',43.82455170000001,-79.3265156,b'Markham',3.5,2.0,30
b'W0ei3b-a5hhHyh6C1yRcqQ',43.8966956,-79.3205031,b'Markham',2.0,,8
b'j5csuLCDZOVoWhhjT9Yo8w',43.8684265,-79.2831493,b'Markham',1.5,1.0,3
b'JJys4pp5xmf3bB4E3lmxRA',43.8548406,-79.3370025,b'Markham',2.5,2.0,52
b'-QOz-2NrDkXjgKYEGBQZhA',43.8435789,-79.3776066,b'Markham',2.5,2.0,17
b'XSGSWu7Q4_IiJ_Zzsi-atw',43.8330612,-79.268837,b'Markham',4.0,1.0,16
b'ZMCxAECs6KOhpcWpt8HBiw',43.859751,-79.302646,b'Markham',3.0,2.0,24
b'IdVoDto0eqtzzH5B4bpvsA',43.86116124,-79.31073055,b'Markham',3.0,2.0,38
b'xtdvq7ILYR99zj5VRIzDcA',43.8611398,-79.31111800000001,b'Markham',2.5,1.0,10
b's4vsTPW-JfSuwGBL8VAzUw',43.8666971,-79.283752,b'Markham',3.5,2.0,19
b'xaqW4NkmUCGRRjmLxiFJ6Q',43.80319179999999,-79.4195095,b'Markham',4.5,2.0,360
b'un0IeQuLvXoftV9IQ_V5Nw',43.8561002,-79.3370188,b'Markham',1.0,,5
b'_72dMXdWbVAgwB-Bxwz-mw',43.856381,-79.30440959999999,b'Markham',3.5,1.0,7
b'OygJyqypKFZJIZ6r9dML7w',43.8298718,-79.3012973,b'Markham',2.5,,10
b'YGU2RnqsJO7Izs1GLDhMLQ',43.85937979999999,-79.3043375,b'Markham',3.5,2.0,37
b'asLLCsmEx3PNZo1Xa83ppg',43.8544718,-79.2557449,b'Markham',3.0,3.0,7
b'tH_ObhULoHCb1n08pbHgHQ',43.8687641,-79.28146264,b'Markham',3.0,2.0,33
b'RzmVoc_cmKiWANYC05tt7Q',43.8494013,-79.35062632,b'Markham',3.5,2.0,11
b'0XlbdDkYzC14SZF_bUGeXA',43.8835282,-79.2619438,b'Markham',3.5,1.0,12
b'6p4Cu__KMSpDUqX4qVpCMQ',43.8549152,-79.2559012,b'Markham',2.5,3.0,3
b'3AWtQN1iX9n9DjRfvxMEWw',43.8058557,-79.42204189,b'Markham',4.0,2.0,20
b'OEfvfMCJyC5kRWeRQQYQMg',43.826032,-79.306258,b'Markham',3.5,2.0,232
b'yehWNKDC0fXA6-nNogVTaQ',43.8553051,-79.2569666,b'Markham',3.0,2.0,7
b'WTuBrN0z2h7xvTaP7eN_XA',43.8572959,-79.3589277,b'Markham',3.0,2.0,70
b'0MCXyrNQGaqdYBcAwh3anQ',43.89208149,-79.26531875,b'Markham',3.5,2.0,107
b'8gzRJEmYJGTCdahRKcafXw',43.82265091,-79.3133316,b'Markham',2.5,,3
b'fRNxnRKvoruMZzsQ8Ey1nw',43.875095,-79.29404749999999,b'Markham',4.0,1.0,3
b'-0T0jfPnuBRdpNTXpOQZcA',43.90861208,-79.26844586,b'Markham',2.0,1.0,5
b'xjn4s7PzMw-OrxLSXdc7KA',43.86027718,-79.31613922,b'Markham',2.5,1.0,8
b'gN9HmM5Ga0C_pYASHrYWMQ',43.868303499999996,-79.2884833,b'Markham',3.0,,5
b'12ZacUSAi2ApUIJuNL_S-g',43.83073302,-79.35365662,b'Markham',3.5,1.0,3
b'sZ1v8adjdMVq7En88x6wtQ',43.860397,-79.303184,b'Markham',4.0,1.0,4
b'hhodrH4h3lNTATfKvm_Ocg',43.8888346,-79.2729085,b'Markham',1.0,,4
b'b4_KfL99W0Hv_5HhRJbPdg',43.8540392,-79.2556728,b'Markham',3.5,1.0,7
b'fh-hCT2esNJEocdBdggWoQ',43.8167167,-79.3483207,b'Markham',2.0,3.0,30
b'SgEw4eNGSeP96OzfXf_79w',43.8425059,-79.3059487,b'Markham',2.5,2.0,33
b'ANbBHDf1PZp5bQCkEa8YsQ',43.8420875,-79.38598929999999,b'Markham',2.0,2.0,15
b'W0Ouw8EAczv9C1nS4ENwFQ',43.8420875,-79.38598929999999,b'Markham',3.0,2.0,4
b'IU9tdRwepU5P8wrZ8rkWAQ',43.867612799999996,-79.2301257,b'Markham',2.5,,3
b'ZqTXN4qh0Ta1Lp8Z3v-dKg',43.848365,-79.34878979999999,b'Markham',2.0,,9
b'jTEiG6zrL3WXfJhj-T9k1w',43.8420875,-79.38598929999999,b'Markham',3.5,2.0,7
b'yJ5rA9U6nmSEUV8_j_jYHw',43.84861829,-79.35027765,b'Markham',3.0,2.0,38
b'zLPs4wSjtfZxVy3WByt00g',43.8266792,-79.35090600000001,b'Markham',4.0,,90
b'dHWUfXcWVfO4NeV7r7dq0Q',43.82734101,-79.29124799,b'Markham',3.0,,6
b'mspZuHQ8rVXpyVMqQIKw_A',43.8152096,-79.34400579999999,b'Markham',3.5,2.0,218
b'IZ33QKVggRtHdMdWoDPi6Q',43.828703000000004,-79.306172,b'Markham',3.0,2.0,106
b'selkC1dzd9aZusu8lE4yNQ',43.85445092,-79.25578313,b'Markham',3.0,2.0,4
b'1JsD-_kMCC3jZOMzJIaigg',43.85054592,-79.35743552,b'Markham',3.0,2.0,4
b'jX6Gzr6WdoPxiRLKDfcVrQ',43.8425059,-79.3059487,b'Markham',3.0,2.0,61
b'mDtkfwIp-GQKAwVfqIGVbA',43.8461482,-79.36542920000001,b'Markham',3.0,,3
b'TQSHiH6KSCd2TDYEDTYRMA',43.8254466,-79.3050432,b'Markham',4.0,1.0,4
b'TCr7O2v9L7sH-CZbtpz0KQ',43.8203984,-79.3255037,b'Markham',3.5,1.0,55
b'_zHnHfNhURaDJiZdBb0-iQ',43.83553487,-79.35535514,b'Markham',2.5,,3
b'uFiGYsAWSLpmVIMgDgN9mA',43.82566477,-79.29972409999999,b'Markham',3.0,1.0,4
b'o1bF2ZBMw8Vep67NlECmxA',43.8750737,-79.2805041,b'Markham',4.5,,3
b'kSp9lWgQJrE9nsX7OS-x8w',43.8538516,-79.3350027,b'Markham',3.0,2.0,19
b'dAhhbaNVeEjiE1z5PGSxaQ',43.8779663,-79.2407165,b'Markham',3.0,,6
b'wvCDmaEIFTCruexTLn3jXA',43.8534767,-79.33695240000002,b'Markham',3.5,1.0,18
b'DoZnn9iFwXglLs8Smmvd8A',43.84966818,-79.34726449,b'Markham',3.5,1.0,13
b'U5dh8ojrtLAqe9zSKmGkjA',43.82285924,-79.39348102,b'Markham',3.5,2.0,5
b'300cN_XaArNzXKYrXYdr1Q',43.8789421,-79.261772,b'Markham',3.5,2.0,58
b'yiVv6EtyjrIJ34BgB_O4vA',43.8607259,-79.304713,b'Markham',3.0,2.0,6
b'qiZ7t01x0xqqB0RIvO3yuQ',43.87212,-79.268287,b'Markham',4.0,2.0,45
b'TqZk5nsqYBOa62XYQ7bXvQ',43.8346477,-79.3329719,b'Markham',4.5,2.0,3
b'MoX-OXOMuOrxikH5fwuybQ',43.82122512,-79.32552518,b'Markham',2.5,1.0,18
b'KsaVx2E63ZMXUQfrxcp_XQ',43.8466676,-79.3486446,b'Markham',5.0,,8
b'DbTpQB1BSi76naw2aHXouQ',43.8783688,-79.23820909999999,b'Markham',3.0,2.0,43
b'8JvnGSxZAw-1qvw35xLyPQ',43.88885665,-79.31599416,b'Markham',1.0,,5
b'K1nwSvx14on6eVBbu5E9rA',43.84959667,-79.32244476,b'Markham',4.0,2.0,234
b'DaYA84gx1p7TvtsW14NuAw',43.8167861,-79.4241723,b'Markham',3.0,3.0,11
b'CbAZZVel3mXEUepuqtn_0w',43.870237700000004,-79.2723172,b'Markham',3.5,1.0,6
b'MDtMV0ld7q0BsQPKNIxGrQ',43.85672991,-79.32387721,b'Markham',3.5,2.0,71
b'dgIrIkCBiHtAHZ86_-awFQ',43.860397,-79.303184,b'Markham',3.0,2.0,60
b'ycOoopjieoy3nxq0iRP8hQ',43.8666971,-79.283752,b'Markham',3.0,,5
b'Wqa1JjkSuviehZ7OedhPeA',43.82455170000001,-79.3265156,b'Markham',3.0,2.0,116
b'LCvbdVqfIZkxHwWwN4uisg',43.85071904,-79.32574790000001,b'Markham',4.0,1.0,23
b'KbtUNrTfQqGlCFVnpk2JAg',43.865789299999996,-79.291638,b'Markham',3.0,,5
b'kX5oJ5flS_QWcx3YaWQktQ',43.818655799999995,-79.3304513,b'Markham',3.0,,5
b'1cGgVvEbuBlW2GDvJ112vA',43.8157563,-79.3500531,b'Markham',3.0,3.0,185
b'HAzqPzwxiSu2-XhJkz8ntQ',43.8425059,-79.3059487,b'Markham',3.0,2.0,14
b'3fw2X5bZYeW9xCz_zGhOHg',43.84893589,-79.34780128,b'Markham',3.5,1.0,105
b'uFKQkN2MI1VfcW7tG7uL5g',43.8468335,-79.35756140000001,b'Markham',3.5,2.0,39
b'kqBvmhAupwNTZcGhxqL2CA',43.859827,-79.36144820000001,b'Markham',3.5,2.0,34
b'5CdMd2cmONeVqkWx_DNfAA',43.857594,-79.357332,b'Markham',3.5,2.0,50
b'lX553YVMOt46NAaQyhNf7w',43.82599423,-79.35243058,b'Markham',5.0,1.0,4
b'cqUky5KFtMlqKaAUYiOnLA',43.8709809,-79.2683426,b'Markham',4.5,3.0,102
b'xeo2II3qgZ0MjwnmEjCK7A',43.815543100000006,-79.3447074,b'Markham',4.0,2.0,11
b'Y1wzvTTI_rSAJOF1224LCQ',43.834295000000004,-79.30528199999999,b'Markham',3.5,2.0,16
b'WaPPcti0ZoGTDQzQqsYDfQ',43.848373200000005,-79.348727,b'Markham',2.5,2.0,17
b'mCi6_rVAYZUqJQeMXNRlJw',43.85319574,-79.25614579,b'Markham',3.0,2.0,29
b'dwgeEOAcPuR-GhpMBaJmjA',43.8420875,-79.38598929999999,b'Markham',3.0,2.0,27
b'LPWMKKcGeWmJgf8t_TIcYQ',43.86097,-79.3116124,b'Markham',3.5,1.0,89
b'9nMoCP27LfPGo2Yu-6z1bg',43.82101247,-79.32651436,b'Markham',3.5,2.0,58
b'niywGbCHhVV4V7-lLbCrXg',43.8207251,-79.32537238,b'Markham',2.5,2.0,48
b'rsKfxeIuEFqFVA5gj87_og',43.8261994,-79.30631740000001,b'Markham',2.0,1.0,6
b'lYP2k_0RjFAHXoVGnMna1g',43.869425899999996,-79.3614299,b'Markham',3.5,2.0,81
b'1Cylq9rdQ0JUgXsvvGtDBA',43.825951200000006,-79.3057108,b'Markham',3.0,2.0,10
b'II44-On32pZWqzfpke7zhg',43.8671186,-79.2844254,b'Markham',4.0,,8
b'J6xRU44NIJzkPq9CPGTLeA',43.8970329,-79.3201714,b'Markham',3.5,1.0,5
b'xLhO9n3lE23RCSoo_7d21w',43.8260563,-79.42675770000001,b'Markham',4.5,2.0,3
b'jtC1InrFV8gK2NRSCto05Q',43.89328581,-79.29122791,b'Markham',3.5,1.0,17
b'YAgoRzc92vC3cHc-RrlSSA',43.8475297,-79.3486631,b'Markham',4.0,2.0,74
b'OEB6connD7XFIyvq_rjI4g',43.851112,-79.35182640000001,b'Markham',2.5,2.0,36
b'mwTFXgCTO58Rk6KTorV2sA',43.832745700000004,-79.34264209999999,b'Markham',4.5,,3
b'rMT1Dc2IMjihHz-gDBIHBQ',43.82509997,-79.35335185,b'Markham',3.5,1.0,7
b'JpyHiBZtQel1b0OuvRz_pw',43.842467799999994,-79.38689609999999,b'Markham',4.0,1.0,33
b'vTuLwoEpZF6Rxnj2O1Pq5w',43.85121539,-79.35405174,b'Markham',2.0,1.0,4
b'ZDPlCSHN2hdJSFVXFkaL7w',43.856041,-79.304458,b'Markham',3.5,2.0,50
b'yHIm8z6U4MAVRurRb8BuyQ',43.85609618,-79.30415362,b'Markham',3.0,1.0,28
b'd_ROFxj7n27aJb6CxJesAg',43.848365,-79.34878979999999,b'Markham',3.0,2.0,85
b'HG9m9eldYtnX_UeMt4Yy2w',43.8607259,-79.304713,b'Markham',3.5,2.0,71
b'l9vx-OTdDPU-oHZ17aVxdg',43.851214500000005,-79.2533541,b'Markham',4.0,2.0,140
b'k-zr3rReFvYWz8vNyDpJMA',43.90443879,-79.26747742,b'Markham',3.0,1.0,43
b'TV0RuDOX4PwI3oOQ5FJ9cA',43.84985,-79.3476695,b'Markham',3.0,1.0,42
b'R5lMkibJ6cJWSDSz-nniww',43.859720200000005,-79.36112523,b'Markham',3.5,2.0,4
b'pym03Nj6-X1Of3xa9mfPWg',43.8717276,-79.2659368,b'Markham',3.5,1.0,6
b'JDWhkcJHNGX-KY0bOLcodQ',43.8261994,-79.30631740000001,b'Markham',2.5,,11
b'dumO6I2X9g6dv_70NDWkmw',43.85937979999999,-79.3043375,b'Markham',3.0,2.0,62
b'PJZWfs8RSn4A5nvJ3Wzl1g',43.8579032,-79.33435390000001,b'Markham',3.0,1.0,3
b'YNjW13ls0enqM2Lep2cCsQ',43.874899799999994,-79.2591737,b'Markham',4.0,1.0,21
b'dwIu9LOUccHNe2nSpG1M3g',43.849681200000006,-79.3220427,b'Markham',3.0,1.0,17
b'e4BSPTPc5DLjvdJY18EaVA',43.86525726,-79.28968811,b'Markham',2.5,2.0,30
b'K7PNQYgHhM8rVGDl3DGsdQ',43.85743396,-79.32365751,b'Markham',4.0,1.0,13
b's68jDt3gdVMTG5AfSiSLTQ',43.858856599999996,-79.3607243,b'Markham',2.0,2.0,17
b'9gmBTYCBC0uM6uCJdwK2Bw',43.8424222,-79.38695140000002,b'Markham',2.0,,10
b'1lReBAd4iLe0rBLKiurw7Q',43.8491675,-79.35090065,b'Markham',3.0,2.0,79
b'0-jZq2P4eN7fRdt4Ls1QZQ',43.8612408,-79.3038766,b'Markham',3.5,1.0,34
b'pKEN0m5B6BNMJRX5ax10BQ',43.8321951,-79.34945069999999,b'Markham',4.5,2.0,9
b'CbXrSVThJEIGYWKOwNzBUA',43.89245112,-79.29152275,b'Markham',2.5,1.0,11
b'p1qikz--GQonzyIyIsgssg',43.868303499999996,-79.2884833,b'Markham',4.0,1.0,4
b'BWnVdK1W8i9kYU75u0DMHA',43.8167861,-79.4241723,b'Markham',4.0,2.0,15
b'mljVLg3inB8h2L6wKC-szQ',43.8541233,-79.3372449,b'Markham',2.0,2.0,18
b'UnWWyBzpo6L1tT3_5mUqZQ',43.8184911,-79.3297963,b'Markham',3.0,1.0,7
b'0YCu9KDTnYq0GlZegh9XPQ',43.8546327,-79.255973,b'Markham',3.0,,4
b'wP8yCVWN2sC5_fYMMVvpDg',43.8187718,-79.33045159999999,b'Markham',5.0,1.0,4
b'pP36B7aQh39jwBzHBs40ww',43.8626421,-79.3012453,b'Markham',4.0,2.0,45
b'hVcLF8DLi3BUMDH5lwDVFQ',43.8920489,-79.2653373,b'Markham',3.5,1.0,4
b'1_rqZz1K5Uoq2RvZlINfgA',43.8067611,-79.4219167,b'Markham',4.0,2.0,225
b'cFoVNSXvCtqRXkQyEXfx-w',43.85937979999999,-79.3043375,b'Markham',4.0,1.0,5
b'H3k_f3eDxUfLvTInwRpM0Q',43.8423428,-79.38300129999999,b'Markham',2.0,3.0,11
b'cc-u2OVJOMYQQKJEaAkcpQ',43.8420875,-79.38598929999999,b'Markham',2.5,1.0,4
b'K4amkYh0AkUJwBRVLNDLrw',43.815181,-79.3438,b'Markham',2.0,1.0,5
b'T_twaySigcc-YTdSAdmzVQ',43.83850507,-79.32735085,b'Markham',3.5,1.0,12
b'0M3KCmdY-_xlIu5vEqVq4A',43.88534784,-79.37210307,b'Markham',4.0,1.0,38
b'Te1AgNKoqHaO5Gesn-oAlA',43.84974706,-79.34729140000002,b'Markham',4.0,1.0,12
b'2iSXzsmucGHn_NM51y29bQ',43.8783239,-79.26122170000001,b'Markham',5.0,1.0,19
b'7wi0yczEe3OC3P8CpkZz2g',43.8136365,-79.3987033,b'Markham',4.0,2.0,34
b'IoUtQRoXPuDcAsfp-Q7CLQ',43.84845120000001,-79.35030259999999,b'Markham',3.5,1.0,21
b'PS5ghm09F2km76m4sQNJAw',43.815543100000006,-79.3447074,b'Markham',4.0,1.0,10
b'fzHBvd0HZm1yB3UIMqZ3bA',43.848501,-79.34862700000001,b'Markham',3.5,2.0,429
b'KjuvzMveMCyUqbQy3dBuBA',43.82581598,-79.30434761,b'Markham',2.0,3.0,6
b'tc00Tp6qahI1vH1ZjQ2XLw',43.8415944,-79.265362,b'Markham',3.0,1.0,7
b'ihk6lWFPuVi___DSucNelQ',43.8261994,-79.30631740000001,b'Markham',3.0,1.0,7
b'CAhoEZPcAEvBSoCxn_fAjQ',43.854805999999996,-79.33700999999999,b'Markham',3.5,2.0,10
b'Dxh9o8B6EP3QWMKs3STXbw',43.81813689,-79.34427068,b'Markham',3.0,2.0,59
b'bR_fM_J6CHT_iOV75GS7vw',43.824172999999995,-79.3055344,b'Markham',3.0,1.0,9
b'FfA7BYSEc46Y3lKHOiqn4g',43.8754658,-79.25979609999999,b'Markham',4.0,2.0,38
b'4yDbirWYY2WXPG4xC72rQA',43.82540264,-79.30587565,b'Markham',4.0,2.0,12
b'8lPxiYChdJdTV24NJvOB3Q',43.860397,-79.303184,b'Markham',4.0,1.0,100
b'941AKOPQOAu3POXoDL7pSg',43.82522720000001,-79.30422753,b'Markham',3.5,1.0,34
b'i_t_UJTSScw4srpb8aHUiw',43.86848025,-79.35763104,b'Markham',3.5,1.0,57
b'IFexdgbWnmsnhfZsJwe9bw',43.85666989,-79.3326963,b'Markham',2.5,2.0,59
b'LdOSw3VbUZOmqup0jeU_Dw',43.8381883,-79.3315705,b'Markham',4.5,2.0,6
b'CC8AIB3g1d88YVpmaUsVgA',43.878134100000004,-79.2610052,b'Markham',4.0,2.0,76
b'6i_EXDHikHWhhDipzMt8rw',43.8610889,-79.311105,b'Markham',3.5,2.0,117
b'moZAQFO776KIBe38WjiTJw',43.84876685,-79.34864793,b'Markham',3.5,2.0,155
b'vUqIE5La92aMJrY8kGgwsw',43.9008489,-79.264781,b'Markham',4.0,2.0,26
b'jdyM1DAiA7EzuYz1WDhjeA',43.82132592,-79.34971209999999,b'Markham',2.5,2.0,13
b'721zzieREzx5WBxY3khmmA',43.8435304,-79.3767323,b'Markham',2.5,,6
b'BmSLyxm8b86dtzwuT7LqBA',43.8261994,-79.30631740000001,b'Markham',3.5,1.0,73
b'v9D2W4ahqX98jTsXsqPYXw',43.80205,-79.3443099,b'Markham',3.0,,4
b'bnhwQZPmTghs8fynQtQiVQ',43.82235429999999,-79.3510382,b'Markham',3.0,1.0,17
b'WF0I9AwErfaqkPPXM98ywQ',43.8426601,-79.30526186,b'Markham',3.5,1.0,84
b'zg7otDgxE3P0CPTzS_C9cw',43.8655412,-79.2889641,b'Markham',3.0,2.0,5
b'N8Ct3JmR0AF_41G9OOF1QQ',43.8298979,-79.2803818,b'Markham',4.0,,3
b'woeN9aLmohpUYu4NSn7IDg',43.8261994,-79.30631740000001,b'Markham',2.5,2.0,7
b'HcqI_ONIaXwzYR7cxFpdUw',43.8407484,-79.2787018,b'Markham',2.5,,3
b'Y2jzZLuaLZXby00Nv_BtGQ',43.85507965,-79.33699036,b'Markham',2.5,2.0,11
b'VVUL1lzBOipXJlOG1wURMg',43.852986200000004,-79.255643,b'Markham',3.5,2.0,76
b'Ko41Hk0oKpHaWYTMigISUQ',43.849714,-79.34728299999999,b'Markham',3.5,1.0,34
b'Ugkr2hV3J6sXdpF48G42yg',43.842504600000005,-79.3867522,b'Markham',3.0,4.0,9
b'Ly48L1qSRdLpCSWcs_DWIw',43.817810200000004,-79.3492329,b'Markham',3.0,2.0,116
b'iRr1dmdbRAqrFg9aX8dkUw',43.8835282,-79.2619438,b'Markham',5.0,1.0,9
b'AuKKWh7jc1G7G_P_l8fd-g',43.84985,-79.3476695,b'Markham',4.0,1.0,13
b'KapTdGyGs7RK0c68Z6hhhg',43.862484,-79.30695970000001,b'Markham',1.5,,12
b'VW33YWpe_zPGDEHN0cNQfQ',43.85906415,-79.30353996,b'Markham',3.0,1.0,36
b'UDZMTxC_5wa_kdh0gbG-cQ',43.84985,-79.3476695,b'Markham',4.0,1.0,11
b'T4QPQ4M8fBL8h4LjDmZ_hg',43.8608236,-79.31211429999999,b'Markham',2.5,2.0,3
b'xsx1UD5hw4XnS4x_QKcWrw',43.84892256,-79.34837861,b'Markham',3.0,2.0,74
b'r6Qth5yqlCVJMQtThylXfw',43.8142779,-79.3494257,b'Markham',4.0,2.0,4
b'Q_BMz5zeWFWW-2OuJGZ1yg',43.816937700000004,-79.4241026,b'Markham',4.0,2.0,40
b'DZtCOjxk8o3spThN215Gbg',43.826276,-79.3064412,b'Markham',4.0,1.0,4
b'Xk0H_s_DNo9bsmHFAXjNqA',43.85909353,-79.30374308,b'Markham',4.0,2.0,4
b'mmVBy53hWnbQQVT_QRXSmA',43.8746102,-79.25792,b'Markham',2.5,4.0,3
b'aE_InMCFg_6htbySiMd75Q',43.8953326,-79.2648823,b'Markham',4.0,2.0,4
b'KRoJhHyPWORMJn1UO5kAkA',43.85987806,-79.36148229999999,b'Markham',3.5,2.0,56
b'rmOZm59ahqMJlfGhNg0thw',43.853137,-79.25487290000001,b'Markham',3.5,1.0,48
b'pC-yxosWB_wg-acCjjsKhw',43.84970467,-79.25310981,b'Markham',3.0,1.0,11
b'fp24IseF5LGD1Iev7d0PVA',43.824726500000004,-79.3395006,b'Markham',3.5,2.0,160
b'XlZ2Row0pszDilc5WmXiZQ',43.85409473,-79.33755532,b'Markham',3.5,1.0,264
b'i5VbbQTbymMPMtktQklYsA',43.884237,-79.22955684,b'Markham',3.5,2.0,8
b'Cgv6synb6E6XFp0wAS8oTw',43.84265006,-79.38766156,b'Markham',3.0,2.0,107
b'vokkwUsJoKk8PamOSs-JKA',43.83286671,-79.35431778,b'Markham',3.0,1.0,8
b'RQ_sx6lNGVjSTtasK3wlQg',43.8783547,-79.26128059999999,b'Markham',3.5,2.0,46
b'TnPNs12weH1gxBHOThVqfw',43.813407899999994,-79.3986557,b'Markham',2.5,1.0,3
b'kNZJMnTNXj42EfUGX3eRcw',43.850388200000005,-79.2539052,b'Markham',4.0,2.0,117
b'0Y9iJRZO0fKEPKGKKzNoxA',43.81865574,-79.33045115,b'Markham',3.0,1.0,11
b'lsopUiYOltljpfYcPq9Sbg',43.867239500000004,-79.2309527,b'Markham',3.5,1.0,30
b'tOsvHZpxmyIK4Ngk8FaLJg',43.826276,-79.3064412,b'Markham',3.5,1.0,18
b'7RY6ARllxXFXYTTXtP-8Eg',43.890111600000004,-79.26365140000001,b'Markham',3.5,2.0,75
b'pDMxIQoqkZJeUe2r8XIVKQ',43.89249764,-79.29174084,b'Markham',3.0,2.0,52
b'VJaHTx4eZtWNpDrAbGzR4A',43.825951200000006,-79.3057108,b'Markham',4.5,1.0,7
b'00idQeDRVoL8WN4J7TnEJQ',43.8254466,-79.3050432,b'Markham',3.5,1.0,5
b'hC347DqIh44f_lk8AGGmgA',43.8754658,-79.25979609999999,b'Markham',2.5,,4
b'ICy-YxFn_DD86_LV0ye5cw',43.84921646,-79.36209869,b'Markham',3.0,2.0,31
b'CmD8Nx5DW7eaFAax47Wlnw',43.85492375,-79.25598297,b'Markham',2.5,2.0,12
b'-WE0z2uUAajXvd-fRmHS5w',43.8603965,-79.22509397,b'Markham',2.5,2.0,7
b'0KQE_-HWEAL_eBKIsEFf3Q',43.803446799999996,-79.41936059999999,b'Markham',4.0,2.0,9
b'm03KaikWJrdeQ1URZPG4dA',43.8338295,-79.35423990000001,b'Markham',3.5,2.0,11
b'AKO9zpHbyskr_E4TDMpRHA',43.872349,-79.2634199,b'Markham',2.0,1.0,12
b'88TztTRS7K80OvWpolm4sQ',43.83426873,-79.30514619,b'Markham',2.5,2.0,27
b'PYiCDIzavQ6XjIYaEjfLqw',43.8206768,-79.3248349,b'Markham',3.0,2.0,24
b'q_KQbgnaYDlPx8EHTydcBQ',43.85051691,-79.35752604,b'Markham',3.0,2.0,66
b'bNQVXqWpsToBDcJg_4aWYA',43.82067714,-79.32483494,b'Markham',3.5,2.0,111
b'LWAhvkjQZgHukgmgXto95A',43.81309493,-79.35763296,b'Markham',3.0,2.0,34
b'GjI8vHV8cAsZlhBpogoUEw',43.856663299999994,-79.33235920000001,b'Markham',2.5,1.0,17
b'ZS4aj6VUb7A-pIJdYfL9-A',43.8338295,-79.35423990000001,b'Markham',3.5,3.0,8
b'TMEtXIh1PXsIryjTOmZWPQ',43.8954299,-79.2649526,b'Markham',3.0,2.0,12
b'9v9cMGBpUm_IzTuPfXXEOw',43.84825315,-79.3499123,b'Markham',2.5,2.0,71
b'cBpQ24_CQxZq2F3GRp35zQ',43.84250606,-79.30594884,b'Markham',3.0,,4
b'y__uQsz_5q-3yXKeMRFU9Q',43.84174627,-79.32165753,b'Markham',3.5,1.0,44
b'MrLmI5f5fythtRDR3X7XKg',43.89431672,-79.26380932,b'Markham',3.5,1.0,11
b'2I855MSdyM6IEIcO3H3-HA',43.8464343,-79.3577532,b'Markham',1.0,2.0,13
b'oEXk0ygEurbAiodWP6BmfA',43.85937979999999,-79.3043375,b'Markham',3.5,1.0,8
b'yIE9RYGHEk8A9RxrSVgbdQ',43.8255487,-79.35233829999999,b'Markham',3.0,2.0,117
b'm2aDEL1d5lLf-v1UNvXc9Q',43.8783607,-79.2434527,b'Markham',3.5,2.0,39
b'872bhARqHoDEljyEboTDew',43.843441600000006,-79.2540865,b'Markham',4.0,2.0,6
b'TVqlHgjFdd9vuYZLbu9S9Q',43.89767931,-79.31889284,b'Markham',2.5,2.0,101
b'U4iTt02LLOg-zR5p0a0THQ',43.82532202,-79.30601086,b'Markham',3.5,2.0,8
b'eetlD3KXlb8cTwgrQVfquw',43.85707564,-79.32370415,b'Markham',3.0,2.0,65
b'V_fa8HiyVDebFLbym--npQ',43.818749200000006,-79.3304722,b'Markham',3.5,1.0,42
b'fpuyZ31OpX11UlJGFWKoNw',43.813407899999994,-79.3986557,b'Markham',4.0,2.0,116
b'5Qr0XNS4UPLoA22rY0ph5A',43.8505289,-79.3499071,b'Markham',3.5,3.0,8
b'JHTzeOsZse-g3xkUM20nxQ',43.84824555,-79.36414573,b'Markham',3.0,2.0,5
b'wfCNNMkeJcpWr9jj1hcdAA',43.86246708,-79.30723253,b'Markham',3.0,2.0,108
b'MwI_po3xC40QUnoak-0Wgw',43.8184046,-79.32984990000001,b'Markham',3.5,1.0,106
b'OiE0TLzbEATzIW8CbGWigA',43.8484519,-79.350302,b'Markham',3.0,3.0,22
b'KbjdEA6SRrjrwiFBtsD93g',43.82553851,-79.30657178,b'Markham',3.5,1.0,9
b'MLYy937DjHHtE5Cwpg3NEQ',43.86241538,-79.30276640000001,b'Markham',2.0,2.0,24
b'RUS5xdYjwstuNkKO8honsg',43.85809679,-79.33204074,b'Markham',3.5,1.0,5
b'Eaxf3bmxnMljIylk_2ZW2Q',43.8261994,-79.30631740000001,b'Markham',3.5,1.0,21
b'C2C37kwDZ332qwlx_Cg4nw',43.8420875,-79.38598929999999,b'Markham',3.0,1.0,18
b'dC60NKVSKNMaymlp_5wuyw',43.8972872,-79.26568888,b'Markham',4.0,1.0,43
b'XGX5LW0s-OpjmOpVXXYshg',43.818749200000006,-79.3304722,b'Markham',2.5,2.0,33
b'6ZsiLiSWGK2pgw6t3LfzNQ',43.842529,-79.38676,b'Markham',3.5,2.0,282
b'Eecewruq14ycZwV--OdOSw',43.83323449,-79.26892824,b'Markham',3.0,1.0,7
b'rXVLgV4Og3l98OTy6N2dJw',43.8561732,-79.3033935,b'Markham',4.0,1.0,65
b'Hl8xRv7rV7O2eSJelGis_Q',43.86248,-79.304487,b'Markham',3.0,1.0,6
b'-iJTY1Ni2XKzSERbMP5kJQ',43.8977687,-79.26511288,b'Markham',1.5,2.0,3
b'44a_evCaWZ63cPA1kWPJOw',43.8436624,-79.37791240000001,b'Markham',3.0,1.0,90
b'6sATfFam9_q9uod0I2aCsg',43.847997,-79.356809,b'Markham',3.5,2.0,109
b'98mGyxngGTYlQvohB83eKA',43.8490719,-79.3504517,b'Markham',3.0,,3
b'ITIqv6QzRV_tE-PS6Brw6A',43.82666079999999,-79.3507738,b'Markham',3.0,2.0,41
b'-aXiRp2vp8Ax3BWQsk8hpg',43.8481242,-79.34960656,b'Markham',2.5,,3
b'B4SQCxWWvOLlyqHBFrNlSw',43.902824,-79.25004100000001,b'Markham',4.0,1.0,18
b'4aqLu8WlKqrFlUiUY-vXMw',43.8940599,-79.26344350000001,b'Markham',3.0,2.0,25
b'wxROV-EDUPJ71nnAlxRA0Q',43.8928131,-79.2631527,b'Markham',1.5,,4
b'MCXLDCA9F9Ui0VA9kuHlbA',43.84985,-79.3476695,b'Markham',4.0,1.0,57
b'qOuoI7hvzBAzF1Y43J7yKQ',43.87486,-79.2587443,b'Markham',3.5,2.0,18
b'qF84n4A5j1oj65I6kQsEJw',43.8157563,-79.3500531,b'Markham',2.5,2.0,17
b'SoHUx_IhzWEZH5sAsTQDYw',43.85637379999999,-79.3037379,b'Markham',3.0,2.0,26
b'Ha9NESQKMD_jFydpP-l-bw',43.89401856,-79.26334981,b'Markham',3.0,2.0,26
b'TBvxW3d96m2p6uinwaHTtg',43.8569947,-79.3036464,b'Markham',3.0,2.0,31
b'HT_eV18wKa8WzCz8UsTVZA',43.905070200000004,-79.26962759999999,b'Markham',2.0,2.0,26
b'b-eShxKvQVUyBpUGKcc7VA',43.8338295,-79.35423990000001,b'Markham',1.5,1.0,3
b'qfa4p28aOu9-VQ30mwQzUQ',43.8257925,-79.29968740000001,b'Markham',3.5,2.0,13
b'I1pLg_ZjLMcie3g58I_GZA',43.81843567,-79.33097076,b'Markham',3.5,1.0,66
b'TFXI1fbhrs_kHU-jTKRYCQ',43.848365,-79.34878979999999,b'Markham',3.5,2.0,14
b'lu6IAy3HQaQytbKIAPh2EA',43.87550611,-79.26049047,b'Markham',4.0,3.0,47
b'TZOiMROeIalOC_3Atb8a8A',43.799668200000006,-79.4202472,b'Markham',3.5,2.0,17
b'MdS6EHt2RZFpn9fQXZc9Ig',43.8505594,-79.3573532,b'Markham',3.0,2.0,33
b'TvHC_I01Ilvd5_fFi4sqIg',43.825466799999994,-79.3073145,b'Markham',3.5,1.0,16
b'58OIHWEqadNaPPhbqtXX2A',43.8241172,-79.34204509999999,b'Markham',3.5,1.0,35
b'-2lSbNMhXKYu7URjEE59qA',43.8184046,-79.32984990000001,b'Markham',2.5,1.0,18
b'69opA0U-zaMsIOqyavMq2g',43.847808799999996,-79.348674,b'Markham',1.5,2.0,15
b'AipRYo2T9Av3Tr0pVV_adA',43.8681476,-79.36273620000001,b'Markham',2.5,2.0,5
b'jfdUtdkXogP2kjK5KTdc8g',43.84971878,-79.34728034,b'Markham',3.5,1.0,53
b'StjoUqNzKRRuPAdMFfoVug',43.8427095,-79.3861885,b'Markham',3.0,4.0,9
b'bpXjVgy_XkTnySLMlvSg5w',43.861225899999994,-79.31160231,b'Markham',4.0,2.0,5
b'gpn9-HR48SA4iS1PqF4bIw',43.8435304,-79.3767323,b'Markham',3.5,2.0,97
b'hDO8bWV_Ua8NxtfpStuuZg',43.84371248,-79.35540143,b'Markham',4.0,2.0,81
b'2bYIP52sBrmZoVzziH2kfw',43.8266282,-79.42640420000001,b'Markham',3.0,2.0,11
b'DeyZIjeRaVMVm2ae2YUkyg',43.833376200000004,-79.3077753,b'Markham',3.5,1.0,7
b'OR13v_9zCWGstIV_JwvFHQ',43.84838782,-79.34952278,b'Markham',2.5,2.0,13
b'ae95XSsD37OQfOWF92GjNQ',43.845136700000005,-79.3585853,b'Markham',3.5,2.0,262
b'g-nzfTvso3-4c4gkhkmGbQ',43.8188292,-79.34920179999999,b'Markham',3.0,2.0,197
b'Y7p6zjpZL6wKRWLZTzxu3A',43.904301000000004,-79.26909629,b'Markham',4.0,2.0,6
b'1CeWMRJwyFkQ-fc3MR1Dmg',43.8434842,-79.37862159999999,b'Markham',3.5,2.0,129
b'H97gae0HLwN876RhZ2q3Ng',43.90510626,-79.26779453,b'Markham',4.0,1.0,3
b'qNnd-4bG1hm2NFMaOHj1kg',43.82687768,-79.30611268,b'Markham',2.5,2.0,18
b'I8cCdp3q_5oCEykzZgPkQw',43.84257546,-79.38654807,b'Markham',4.0,1.0,40
b'nt4V7wbnqEL7omkH5LXeFQ',43.8657574,-79.2899186,b'Markham',3.5,3.0,6
b'8xPmlVJy2o6x0J04CBpEMQ',43.8572141,-79.303344,b'Markham',4.0,1.0,150
b'js0ZzxVEDAkTdczCMT1emw',43.8490719,-79.3504517,b'Markham',3.0,1.0,11
b'It6NGNfebuF5j3KrXoi-IQ',43.822674,-79.3135764,b'Markham',2.5,2.0,4
b'b1fiN3A2fmsuQzNvIRtiPQ',43.86510468,-79.29132843,b'Markham',4.0,1.0,45
b'ID7WUBLnhkdxp8QrjsssZg',43.867546999999995,-79.288965,b'Markham',3.5,2.0,173
b'uvWcsnk8cnSzQg9_SQaFsA',43.89324905,-79.29139148,b'Markham',3.5,1.0,92
b'ROM3mR48w9Ljy0SJeBHiAw',43.888962799999995,-79.3143887,b'Markham',3.0,2.0,4
b'MNIo7-VytIE7INkc83GmXg',43.904970500000005,-79.26775490000001,b'Markham',3.0,1.0,16
b'_Oz6jTG9hZf0yGnBBmcUGw',43.8483542,-79.3482938,b'Markham',3.0,2.0,13
b'HA9VtwOCvBEYqRxuJfa6Xg',43.82539179999999,-79.3072835,b'Markham',2.5,3.0,15
b'ibPjt-h9NC7OEzpj7IL83Q',43.823026,-79.3288014,b'Markham',4.0,1.0,6
b'63l89u6B9fHWdzY0RXUXqg',43.8332244,-79.2691729,b'Markham',3.5,,6
b'rXJyCT9XqWD431B1lp4Thg',43.86109694,-79.30429794,b'Markham',3.5,2.0,8
b'tnGlFBxlYnYS8JyXrBWyLA',43.8241737,-79.30551559999999,b'Markham',3.5,,3
b'IRzY7yoBqoHaZNNo8WiWQQ',43.8436698,-79.3778179,b'Markham',3.5,2.0,154
b'i-NdezhBkAP2zoZGwwariw',43.84877254,-79.25357531,b'Markham',3.5,2.0,75
b'XNVUXM8xY-slNbcPAr-w8Q',43.825951200000006,-79.3057108,b'Markham',4.0,1.0,26
b'e3D-zDL66uIaTFOdjJv8SQ',43.822123600000005,-79.35056750000001,b'Markham',3.0,2.0,12
b'CP6huld0HBwnDMoH5YWSig',43.8536717,-79.2555508,b'Markham',3.0,2.0,20
b'3Wk0eWZKyw7oSFwIUhAf2g',43.868820899999996,-79.28844790000001,b'Markham',3.0,1.0,4
b'B9c_0pMFuDN6y6934MsmZQ',43.8891301,-79.31485970000001,b'Markham',3.0,1.0,39
b'H6JDm2bkdGmWVEm5K9N2pw',43.888962799999995,-79.3143887,b'Markham',3.0,2.0,17
b'A2aOwMcP0DxGPr2El7eifA',43.8487682,-79.3609731,b'Markham',3.5,2.0,72
