business_id,is_open,review_count,city,stars,review_scale,score
b'GDOAg680Gmi6S1MlhU7B1g',1,5,b'Cleveland',2.0,1,2.0
b'Svs-B-a5-13D2dGTKxLsyw',0,4,b'Cleveland',3.0,1,3.0
b'VGRn5KgYKMkqdIKtBUzQQA',1,100,b'Cleveland',3.0,4,12.0
b'lK-wuiq8b1TuU7bfbQZgsg',1,4,b'Cleveland',3.0,1,3.0
b'oHeiAs-mnDJU1_4BD8_5Dg',1,49,b'Cleveland',3.5,4,14.0
b'kyphxFtMIC6w7ktg-fwxWA',1,41,b'Cleveland',2.0,3,6.0
b'rwKSKNRKXVERaltnjVltEA',1,18,b'Cleveland',3.5,3,10.5
b'Y8L-n2BUbCr31by8eYBazg',1,4,b'Cleveland',4.0,1,4.0
b'HIvLwkEYuGRtI17H2x7RuQ',1,114,b'Cleveland',4.0,4,16.0
b'mYeUwj1BlhJTaHd1Uo6PUA',0,3,b'Cleveland',4.0,1,4.0
b'y4giWpQy1TYYX7sZOk9NNg',1,5,b'Cleveland',2.0,1,2.0
b'_wpUUDnJwrn7eSYAjnv7WA',1,60,b'Cleveland',4.0,4,16.0
b'Ub-RrbQWAV_JuVyYixynfg',1,11,b'Cleveland',2.5,2,5.0
b'CvP516pjOdcJJkaMjl8rPw',1,10,b'Cleveland',3.5,2,7.0
b'Ur4eYOFq4qVLHkZJNmcqfQ',1,182,b'Cleveland',4.0,4,16.0
b'TXcVQfX4J0NqKRqgDBgWOA',1,6,b'Cleveland',4.0,1,4.0
b'JYVCQhZU4g-vXrISzUJFUA',0,4,b'Cleveland',2.5,1,2.5
b'2alo9GzeOsbg4jeKYFQmxQ',1,61,b'Cleveland',4.0,4,16.0
b'g9i9xFh9HtPWNLMB3ru3ug',1,62,b'Cleveland',4.5,4,18.0
b'j4170xdQJTwSvXFpsQzWtg',1,64,b'Cleveland',3.5,4,14.0
b'CF2abR1isMzLfRPzjTvIkg',0,3,b'Cleveland',4.5,1,4.5
b'Tm2dKN_-DCdZfF2xMWrX7w',1,187,b'Cleveland',4.0,4,16.0
b'RadvHxEGJLdp9IvNWzv30g',1,10,b'Cleveland',4.0,2,8.0
b'lJU19A8gxyNT1gU8y4pv1w',1,47,b'Cleveland',4.5,3,13.5
b'QAN6zr-IzPD04G9clSGtBw',0,4,b'Cleveland',3.0,1,3.0
b'dUV3Wdu2dB7HMdwS6Hg3JA',0,4,b'Cleveland',5.0,1,5.0
b'sYMAijY2oRrd71KRHKoIDA',0,7,b'Cleveland',3.5,2,7.0
b'XriJk1yVLlBd2rIhk0s_eA',1,9,b'Cleveland',3.0,2,6.0
b'1zKjojtmAHuVOHhtGVxC2Q',1,55,b'Cleveland',4.5,4,18.0
b'uSRgegdEFHHasT5BbRkcFA',0,124,b'Cleveland',4.0,4,16.0
b'ris62LHWvRJt5j9FhHU03Q',1,6,b'Cleveland',2.0,1,2.0
b'dxD8j20MkodieZLc7fZRsA',1,5,b'Cleveland',4.0,1,4.0
b'S57rr30za_KzIUGkFqg3mw',0,83,b'Cleveland',3.5,4,14.0
b'ddlnpDxGDDxGGoG_dVXwiw',1,141,b'Cleveland',4.0,4,16.0
b'QG37umIGrDFzkdmBqFLAYQ',1,25,b'Cleveland',4.0,3,12.0
b'uYl_QBtb7bXhu9sgb4kCrg',1,61,b'Cleveland',3.5,4,14.0
b'CiGefVc9Uc-4H_aNgOMWhQ',0,4,b'Cleveland',4.0,1,4.0
b'nJVDHjoTilGmhLjXAOwiyg',1,14,b'Cleveland',3.0,2,6.0
b'VHchdLl_QVtStqx13vENbA',0,3,b'Cleveland',3.5,1,3.5
b'oxx6LBeBMr3xLkj3jq6rFw',0,9,b'Cleveland',5.0,2,10.0
b'PBSnhhjJ9X2uMRgx4QhTcw',0,8,b'Cleveland',4.0,2,8.0
b'mLjDh0vQYBCY6g9T1HczVw',1,133,b'Cleveland',3.0,4,12.0
b'nDKX55KbERSd_KzYHPgEdw',0,12,b'Cleveland',2.5,2,5.0
b'zKJ4KcZAfTNBIM7OvkVv3A',0,22,b'Cleveland',3.0,3,9.0
b'Y3RWEmu4ykuc2LvG3Qv9Ew',1,20,b'Cleveland',3.5,3,10.5
b'-kTHAUKuzh7cFZjVAW55Ug',1,37,b'Cleveland',2.5,3,7.5
b'WngnIN7vi2KYo4doqK51zA',1,7,b'Cleveland',4.5,2,9.0
b'COszO5BlwqjRbZ_IUqExZg',1,6,b'Cleveland',3.0,1,3.0
b'uKCCJB-OkAtLBunNFDIrxw',1,3,b'Cleveland',3.5,1,3.5
b'osfBW9AMuOqX3aDsA6Rzmg',1,12,b'Cleveland',4.5,2,9.0
b'JX1_mKHN38bjgQP0JB3fkg',0,7,b'Cleveland',3.0,2,6.0
b'DhD1sFqgtjg1rsIWuIeTng',0,30,b'Cleveland',4.0,3,12.0
b'jA3xcba82t8x06H8NzG4VQ',1,105,b'Cleveland',4.0,4,16.0
b'PvyJ2gv3baPyqqmLoGLY-A',0,6,b'Cleveland',3.5,1,3.5
b'uBGPTzye3wrxZPf54AXuFg',1,165,b'Cleveland',3.0,4,12.0
b'FeigEbRVs3d_WoMVUhIT7g',0,41,b'Cleveland',2.5,3,7.5
b'MAXMZMUEprc7rUMeoXrarw',1,26,b'Cleveland',4.5,3,13.5
b'YnvUFIZVvxsL5L4PEmWcUQ',1,13,b'Cleveland',3.5,2,7.0
b'VQGetWNN1f0dMWQ6ehDAVg',1,68,b'Cleveland',3.0,4,12.0
b'CzcfYhCbzPoVEgVZfOgw8A',1,54,b'Cleveland',3.5,4,14.0
b'GCr0eTVnVzFE72c-VJezoQ',1,77,b'Cleveland',4.0,4,16.0
b'Dt-ygvMchiw0wrWpocGOeg',1,38,b'Cleveland',4.5,3,13.5
b'R13VkcyUIU3xG2fRFbBvBA',1,47,b'Cleveland',3.5,3,10.5
b'Ufo0Papm3oyoCfBvnsJH7g',0,223,b'Cleveland',3.5,4,14.0
b'pi1UM_U1hq-DwDYqQRK1Wg',1,6,b'Cleveland',3.0,1,3.0
b'Gf1W5_Gcu_yn4sF28JkVXA',1,13,b'Cleveland',3.0,2,6.0
b'vdloJPM3bSpQTMlwdFek2A',1,365,b'Cleveland',4.0,4,16.0
b'uqKwC97wBEcNdzYw_SBjlw',0,20,b'Cleveland',2.5,3,7.5
b'zo9fKM_Sty6qGztXKoMPmQ',1,16,b'Cleveland',3.0,2,6.0
b'v5MjMhbdEn2fSCtvmXdgZQ',1,16,b'Cleveland',4.0,2,8.0
b'jPrN8a-JW-wA52NPwE0VoQ',1,6,b'Cleveland',3.5,1,3.5
b'wftmt-n8OUA4Ng3bWWH5dw',1,220,b'Cleveland',4.5,4,18.0
b'9Dpk8U2-7bETxk6MSfCM-A',1,13,b'Cleveland',3.0,2,6.0
b'qmm3eoSgi_tCZx9h-zSOFg',0,3,b'Cleveland',4.0,1,4.0
b'GIfZNMP0oIJCje_Xp0Bgrw',1,927,b'Cleveland',3.5,4,14.0
b'91diBNaSiwHr6tUXXJee-Q',0,65,b'Cleveland',4.0,4,16.0
b'B7pVrERldmQmrbkSU_wjgg',1,59,b'Cleveland',4.0,4,16.0
b'dCRjbHW3JCQwQMl6tvjWiw',1,19,b'Cleveland',3.0,3,9.0
b'hiIc3UeDYlWsoT8D3FsczQ',1,6,b'Cleveland',2.0,1,2.0
b'3bM9rmjbaLOrlS--dRzZAw',0,11,b'Cleveland',3.5,2,7.0
b'xJfM3UbnaQkLPEMZgLNuyQ',1,3,b'Cleveland',2.5,1,2.5
b'4xnVH2jTVwrsO88q_jHWWw',1,66,b'Cleveland',4.0,4,16.0
b'kS_xANADJil_EGX6gmMa5A',1,7,b'Cleveland',3.5,2,7.0
b'_y6D2jXsM5S7hWHcIy2NoQ',0,3,b'Cleveland',3.5,1,3.5
b'hVyvFxmlWpGDQviQ4tls9Q',1,5,b'Cleveland',2.0,1,2.0
b'CpGUTcon4cwFxerQUcA22A',0,5,b'Cleveland',4.0,1,4.0
b'6oOIpBNo0h3hrtx8aFCv6g',1,12,b'Cleveland',2.0,2,4.0
b'_KD8Fua-jFlEXHCwVTY-cQ',1,97,b'Cleveland',4.0,4,16.0
b'kXIJwryYY2xDHNnI7jz-WQ',1,191,b'Cleveland',4.5,4,18.0
b'doz0Zf14FVyj4f2knQO30A',1,26,b'Cleveland',1.5,3,4.5
b'aAVydRJ23okd1AHi2AS4Mw',1,38,b'Cleveland',3.0,3,9.0
b'SeOQ32EwCxusSbSTwx4aRA',1,5,b'Cleveland',2.0,1,2.0
b'aL8D2ko6lQ3oGGFeCqSPOw',1,5,b'Cleveland',3.5,1,3.5
b'PMbOqZqr17lbwMD7kZYJnQ',1,27,b'Cleveland',1.5,3,4.5
b'gJ5xSt6147gkcZ9Es0WxlA',1,3,b'Cleveland',3.5,1,3.5
b'aGMU3qMFOQzG0DT2akMfng',1,14,b'Cleveland',3.5,2,7.0
b'MNNplhqyy5APhT4ny4yAVA',0,9,b'Cleveland',4.0,2,8.0
b'DYhGhT9bvsija74RVt8tCQ',0,18,b'Cleveland',3.0,3,9.0
b'1ktw2saTrIr_YJSxQjhnpg',1,16,b'Cleveland',5.0,2,10.0
b'd9fHu9xEmCDs9ShFIWEMZw',1,23,b'Cleveland',4.5,3,13.5
b'rDegp5eG69OVtXo2380p4Q',1,57,b'Cleveland',4.5,4,18.0
b'6TLXwyo6rYgi_Tc2yyEgfQ',1,3,b'Cleveland',2.5,1,2.5
b'OzRGWW5R05kC0pQyUHX3lg',1,97,b'Cleveland',3.5,4,14.0
b'bLi48v8Div6Qm2Fyaw0C6Q',1,327,b'Cleveland',4.0,4,16.0
b'OPIX1wTOll0aZT08Wr6sDw',1,9,b'Cleveland',3.5,2,7.0
b'IoXcQkLpEaiv6S7ITelLWg',1,74,b'Cleveland',4.5,4,18.0
b'8CRoFhyVzple6ji3S1_L-A',0,15,b'Cleveland',4.0,2,8.0
b'g8_Tf84s9E1vh5c3BC7Zzg',1,4,b'Cleveland',5.0,1,5.0
b'IJlEACzNH-i_6Ovppj1KSQ',1,75,b'Cleveland',4.5,4,18.0
b'Jd9L7pNhC982XeCNbPncXg',1,82,b'Cleveland',3.5,4,14.0
b'v21dSJb78W3NM41cC8MMuA',1,6,b'Cleveland',4.5,1,4.5
b'A7i_H252XydtrK7BUTvoog',1,183,b'Cleveland',3.5,4,14.0
b'228mfqUuGbnCs1kiupJXZw',1,152,b'Cleveland',4.5,4,18.0
b'CtYWpX_cy1YdZgoKtS0Tqg',1,17,b'Cleveland',2.0,2,4.0
b'UDiMCb4LKowlozI5mhtO_A',1,72,b'Cleveland',4.0,4,16.0
b'Occo0_pOXAUG-eL6gazeGQ',1,16,b'Cleveland',2.5,2,5.0
b'MHxce6ztMkbYHR8z3Z1q3g',1,128,b'Cleveland',4.0,4,16.0
b'rV6PwAjgpTx5Knr5lYouoQ',1,46,b'Cleveland',3.5,3,10.5
b'0ZPuFZMMYfRa3FRfjddCDA',1,36,b'Cleveland',2.5,3,7.5
b'IXLDpnSLYiyz9tjOrpCFpA',1,101,b'Cleveland',2.5,4,10.0
b'F6a-o0Ig1iSVamX1LbdDEg',0,25,b'Cleveland',4.0,3,12.0
b'iJpmIt-i9-VeChouLcPXbA',1,38,b'Cleveland',3.5,3,10.5
b'TokG1L02Eic6gHRFa0gFYQ',1,7,b'Cleveland',4.5,2,9.0
b'1veVZUawy7IhIc5oDpRRQA',1,385,b'Cleveland',4.5,4,18.0
b'6XkWMEJc3ecJH6HKKjfclA',1,14,b'Cleveland',3.0,2,6.0
b'I2lDmQHDxnUKbEBJuJCW6w',1,69,b'Cleveland',4.0,4,16.0
b'2qTT_zT99eHT4XqEJTOKLA',1,15,b'Cleveland',4.0,2,8.0
b'iIe6PLxsZDVyrKf4ziKxyw',1,78,b'Cleveland',4.5,4,18.0
b'qML8HCfDh7vmIxvbt1QgOg',1,27,b'Cleveland',2.0,3,6.0
b'UtyW9cHs9Z8vIEt8I9aIeA',1,122,b'Cleveland',3.5,4,14.0
b'Lox6-6gfbRXgc4VMMwPb7g',1,40,b'Cleveland',3.5,3,10.5
b'lbUKEN7XVdD_FEF61TlQeA',1,4,b'Cleveland',4.0,1,4.0
b'32DUrg5Thezf1eGsWK6Gdw',1,10,b'Cleveland',5.0,2,10.0
b'taZtZfRU6AG-Q5T0CIS46Q',1,58,b'Cleveland',3.5,4,14.0
b's9CG5XGXJQpP03iYFIHeLA',1,202,b'Cleveland',4.0,4,16.0
b'rg2VaD3zfmW_Itj5NR9iLA',0,8,b'Cleveland',3.5,2,7.0
b'HYN6S4Z7bMR68TF2lX3NIw',1,7,b'Cleveland',2.5,2,5.0
b'o1TZ62VQ8RBoYv2B8v9UUg',1,5,b'Cleveland',2.0,1,2.0
b'J4jxIxv_vgmWHCajos_B8w',1,193,b'Cleveland',4.5,4,18.0
b'mmtjbwUUjw266ulkEnRX3Q',1,7,b'Cleveland',4.0,2,8.0
b'4GkiahNmE3G3-RFn3xrAYg',0,39,b'Cleveland',3.5,3,10.5
b'z7h3_K5lg3RnYieq04C0Vg',1,4,b'Cleveland',1.0,1,1.0
b'RahdAQ5h6_nu50jeR2EKTQ',1,7,b'Cleveland',4.5,2,9.0
b'imyKBHJGFixHJ2bh400b7Q',1,8,b'Cleveland',2.5,2,5.0
b'6eZSIV10RAdZRNXQLE_w6w',1,7,b'Cleveland',2.5,2,5.0
b'WsU35CfVBFzIke3PqkH5eg',1,12,b'Cleveland',3.0,2,6.0
b'2Q542Nf2F84HhdbhGCC7nw',1,3,b'Cleveland',2.5,1,2.5
b'B04F5Jvb4JsZdr0Sc9mbgA',1,13,b'Cleveland',2.5,2,5.0
b'9YYBnnVT1j1Y61e6qb9oZQ',0,9,b'Cleveland',2.0,2,4.0
b'BsvCTCVG7lrzXZ68VyyIcg',1,142,b'Cleveland',4.0,4,16.0
b'NbjeMaUoYT_XUB8PWnwLkw',0,5,b'Cleveland',2.0,1,2.0
b'Ged33xMUz2TpAgzxycGfVw',0,9,b'Cleveland',4.0,2,8.0
b'sFz9UyOTZLMAfSP0yyIODQ',1,14,b'Cleveland',4.0,2,8.0
b'4TFm4xk1y3lSeInw0r0ALA',1,4,b'Cleveland',3.0,1,3.0
b'AFafWFYGKjJZ1pTvjnot2g',1,105,b'Cleveland',3.0,4,12.0
b'x0yfZo7V6WDEE6voAKpC1w',1,3,b'Cleveland',2.5,1,2.5
b'NHersw9tR7dnmlZINOBi9Q',0,6,b'Cleveland',1.0,1,1.0
b'2nn6Sx5EFpzFbsy5cJYHUg',1,147,b'Cleveland',3.5,4,14.0
b'de2E6-wKURd0RLJaq8mrTg',1,15,b'Cleveland',2.5,2,5.0
b'0kyVqnMoflj3DLDecGK89Q',1,16,b'Cleveland',2.5,2,5.0
b'uNsMn44UOp58l62_Jj8bmQ',1,5,b'Cleveland',3.0,1,3.0
b'q0PH5CjXSdmpL-LLgCNdeA',1,29,b'Cleveland',4.5,3,13.5
b'ghNYyKxJsyvOBDFIh8YDDQ',0,5,b'Cleveland',3.0,1,3.0
b'rHX9R1blojU6xK7XhSCSsw',0,3,b'Cleveland',4.5,1,4.5
b'J5tGb5yI9-bMEohZrtf0SQ',1,34,b'Cleveland',3.5,3,10.5
b'Lh-JAmxrTPmFoeBkRNXrZA',1,13,b'Cleveland',3.0,2,6.0
b'yNb_PHvkAMGA0NU25L-kgg',1,4,b'Cleveland',2.0,1,2.0
b'BBpEOprko-9I8bnon9N0ew',1,20,b'Cleveland',3.0,3,9.0
b'ZL-4ejIO3DCgSsdRWwsX-A',1,75,b'Cleveland',4.0,4,16.0
b'xBgQ4T6mhS5VsmK9u6mBcg',1,221,b'Cleveland',4.0,4,16.0
b'Hy_UuNOaOgpoBDo-d-kcbw',0,42,b'Cleveland',4.5,3,13.5
b'eoJfl5vG7X87QhcKb0nt5Q',1,272,b'Cleveland',3.0,4,12.0
b'hcrjdLHf8UlR-D1-rTEkfw',1,32,b'Cleveland',3.5,3,10.5
b'BF1orcrZTPLUOx-tRKcAGA',1,3,b'Cleveland',2.0,1,2.0
b'9mI2BHTu0at_JA3RA_AEeg',1,110,b'Cleveland',3.5,4,14.0
b'XBRCMc3rcvcRXrB3p-o9yA',1,95,b'Cleveland',4.0,4,16.0
b'ZUkF0syMMAF1rRiLK-J-Dg',1,5,b'Cleveland',2.5,1,2.5
b'ZeB9AUZ6pdZmpWQGSx8NKA',1,9,b'Cleveland',2.0,2,4.0
b'suIn6SJHBJaOVOOikpWNOg',1,3,b'Cleveland',3.0,1,3.0
b'm5t6Ork5uMHRvIlCmP6ULQ',1,14,b'Cleveland',3.0,2,6.0
b'1Mf0UInsuxMNfJjzy0rTBQ',1,30,b'Cleveland',1.0,3,3.0
b'Rjq4R_AsDNC8E52FPdZ28g',0,6,b'Cleveland',2.5,1,2.5
b'VbPPexfp8wa7Fjqp3tRDmw',0,10,b'Cleveland',4.0,2,8.0
b'OD2dbQTKN7FS01fHzZqqzA',1,292,b'Cleveland',4.0,4,16.0
b'Y1Nw27hk9C-xofNxO3TIRw',1,3,b'Cleveland',4.5,1,4.5
b'bK5nWi1oNs63utSlzmRUNg',1,57,b'Cleveland',4.0,4,16.0
b'tUjyGFSN8wQqLgKp5Q0CUA',1,102,b'Cleveland',4.0,4,16.0
b'g0APw_zhwwHoLjSlHEsTzw',1,12,b'Cleveland',2.5,2,5.0
b'gaX7uryTDU18sT5Az0pRxw',1,4,b'Cleveland',4.0,1,4.0
b'U-wZPV97TC3cAmIPyupwXA',1,12,b'Cleveland',3.5,2,7.0
b'bbnpPdoRymorHJLY2owBiQ',1,29,b'Cleveland',3.5,3,10.5
b'Jdqg97lLo_qJlCqU9RjIEA',1,7,b'Cleveland',3.5,2,7.0
b'sSb41sJghGm2nEkuzzJEBw',1,4,b'Cleveland',2.0,1,2.0
b'HPtTqirOkZArADg2FLr0eg',0,8,b'Cleveland',3.5,2,7.0
b'nI36UCs4cQUNxbMO5BxrUg',0,13,b'Cleveland',4.0,2,8.0
b'F2pfjAZ_3dMTGCKv6c5wOw',1,654,b'Cleveland',4.0,4,16.0
b'N5w41qCOYCxhmMX5C2XgUg',1,3,b'Cleveland',3.5,1,3.5
b'IHYqkS2xEZLBS5J9iez_lQ',1,3,b'Cleveland',2.5,1,2.5
b'se2a2QaJi8Yx_KjE1r-_sQ',0,17,b'Cleveland',2.0,2,4.0
b'wgrgeVG_UuxEeN18FHodIQ',0,3,b'Cleveland',4.0,1,4.0
b'1LbvFwxbLepIpDasI-Pshg',1,10,b'Cleveland',2.0,2,4.0
b'ajCLNse9PXoZniKna0S69Q',1,30,b'Cleveland',4.0,3,12.0
b'UeKaHOLZATrb1H-XW3AiFQ',0,12,b'Cleveland',4.0,2,8.0
b'yGoA3jHUWfRzx8c6BiF5Ng',0,4,b'Cleveland',4.0,1,4.0
b'gNER9lE1Ma9FLm9MBsvYgg',1,482,b'Cleveland',3.5,4,14.0
b'fxw_kCJJDSQDtY7QJ66Fog',0,16,b'Cleveland',4.5,2,9.0
b'cfsXuDfeSX24tInGNEoc2A',1,9,b'Cleveland',3.5,2,7.0
b'_Y13P59dGTpV7b8xKktLeQ',1,3,b'Cleveland',2.5,1,2.5
b'VodyCVoc3QUoEsi0rv0opg',1,32,b'Cleveland',4.5,3,13.5
b'Rt7gjrTceO86sCtnS8Td0g',1,45,b'Cleveland',4.5,3,13.5
b'XgUlUmrktr2Um2gczYeYpg',0,4,b'Cleveland',3.0,1,3.0
b'FKcj1DmDWsRO4aOQ6i_nWw',0,4,b'Cleveland',1.0,1,1.0
b'qfOSFYfT23CIya1KmD7EGw',1,48,b'Cleveland',3.5,3,10.5
b'EXIZwIxLoiPDJs-oKzgaKw',1,38,b'Cleveland',2.0,3,6.0
b'gstmQyich5ToZPBNhSthmw',0,15,b'Cleveland',3.0,2,6.0
b'8U8B2E4F7u53fkfpqkCIWw',1,8,b'Cleveland',2.5,2,5.0
b'xYx7VXbZUgMC2buFKiMBqQ',1,4,b'Cleveland',4.0,1,4.0
b'fg2nRepS0cS3xNfWYG7stA',1,3,b'Cleveland',3.5,1,3.5
b'ACfokx9YuO74JJgQnXXljg',1,3,b'Cleveland',3.5,1,3.5
b'OwXMxqxIy4YoprAjnoUoiA',1,4,b'Cleveland',3.5,1,3.5
b'y_Xi2V_0lGbCkRuiXLHUFA',0,4,b'Cleveland',2.5,1,2.5
b'GYHaejDRFdUgyRm8X_g8rg',1,22,b'Cleveland',4.0,3,12.0
b'9Hcu2bRtzHtj4jhJB7By8g',1,14,b'Cleveland',2.5,2,5.0
b'2VUhmFkIvARpEP9B5dZo9w',1,17,b'Cleveland',3.5,2,7.0
b'Vkz7c2EDh7ydELK8Za0obQ',1,4,b'Cleveland',4.0,1,4.0
b'KpKYl-rfvYLhUylIuNHg7A',0,4,b'Cleveland',3.0,1,3.0
b'qwkzD5_OjQ2eYv0EIKxV_g',1,6,b'Cleveland',3.5,1,3.5
b'BT7FeQ8VkpHrU9qihvGD3w',0,63,b'Cleveland',4.5,4,18.0
b'JtRKB_HJgpIHSduMSyyIkw',0,43,b'Cleveland',4.5,3,13.5
b'p8p6xfFWbxN070r5qt32Rw',1,23,b'Cleveland',4.5,3,13.5
b'0ZZIqTdEb7yUa13QZLKuGQ',0,71,b'Cleveland',4.0,4,16.0
b'ue7tVbfE3cRt14LELax2nw',1,4,b'Cleveland',5.0,1,5.0
b'aPnAEP8WzjJkxyAJ59GS8Q',1,61,b'Cleveland',4.5,4,18.0
b'UVaoufxuDXcXDvovuIIxyQ',1,4,b'Cleveland',5.0,1,5.0
b'cuYl-tgIioYVp619BlmokA',1,27,b'Cleveland',4.5,3,13.5
b'iWq6qeOnOS6CPmeDP9vyFQ',1,11,b'Cleveland',2.5,2,5.0
b'pW2j5fhlmuTrQ1egkKKLlg',1,7,b'Cleveland',4.0,2,8.0
b'5bonqFfEp6nQ7SgBPzN4Lw',1,4,b'Cleveland',2.0,1,2.0
b'NKMkvLWatV9v7zbMNS6D3g',1,25,b'Cleveland',4.5,3,13.5
b'VV4NAmS0KJ8A8xOcQnKB6A',1,42,b'Cleveland',3.0,3,9.0
b'UO39lBhCFsVRLRPY4Yq9mQ',1,12,b'Cleveland',4.0,2,8.0
b'mbk0WvEjeVXUEckUq5D1BQ',0,16,b'Cleveland',4.0,2,8.0
b'Aveg0GSyXhU8tTlH5Ior-A',1,35,b'Cleveland',4.0,3,12.0
b'PiQ11tDiQMxvFGbKZpbkSw',1,21,b'Cleveland',5.0,3,15.0
b'51kUjAGZLtDl1K3XV_UXxQ',1,26,b'Cleveland',3.5,3,10.5
b'VUOn9pztnaEX49Xfb_9L7A',1,62,b'Cleveland',3.5,4,14.0
b'xQo0O_EgcH2_yldW3lOt5Q',1,9,b'Cleveland',3.0,2,6.0
b'jhf5nALqdV208SjURLk6ig',1,3,b'Cleveland',3.5,1,3.5
b'1gQrMs-I8oKg2p-iRxznzQ',1,291,b'Cleveland',4.5,4,18.0
b'h39PkiW3Zt0N_syoRsKbGQ',1,51,b'Cleveland',3.5,4,14.0
b'LmwJ2QDLaxEjbvKZ2TXZgg',0,4,b'Cleveland',3.0,1,3.0
b'cM4a6iIM-VdILKMsPjOx5g',1,8,b'Cleveland',3.5,2,7.0
b'nWW6fBfBljiRFa4sG7TyxA',0,107,b'Cleveland',4.0,4,16.0
b'uLUjru9JVkI_qmFHCxYwAQ',1,13,b'Cleveland',3.0,2,6.0
b'EOBTIIbjfeLuTdXeFGsOTg',1,17,b'Cleveland',4.5,2,9.0
b'FutUAQPBfCeTmqytfDW1pA',1,49,b'Cleveland',2.5,4,10.0
b'UXXAzmuz2olKSpte9eF4Vw',1,39,b'Cleveland',4.0,3,12.0
b'jyAhu2jqSMBoeJi-KQ5lZw',1,6,b'Cleveland',3.0,1,3.0
b'CRSr30-6ZZnT29gV13_eqw',1,7,b'Cleveland',3.0,2,6.0
b'26CMx5t6_h5PWT4gcae4zw',1,27,b'Cleveland',4.5,3,13.5
b'5ynzVV_kayd5hfv5Kt6Vbg',1,65,b'Cleveland',3.0,4,12.0
b'cdsxkycC_xrXlOdsm5yZUw',1,22,b'Cleveland',3.0,3,9.0
b'H9THotfiu-UjFL44rpLjCw',1,28,b'Cleveland',4.0,3,12.0
b'EsE8KTPqAJ2MjJdmuAifRw',1,21,b'Cleveland',3.5,3,10.5
b'hiNArIsFnQXJHwtCglSJFw',1,11,b'Cleveland',2.5,2,5.0
b'cX2Nr_XmGYlMaBW35M0sUg',1,542,b'Cleveland',4.0,4,16.0
b'TKaND6oV1n2ylnCYoAfoag',1,139,b'Cleveland',4.5,4,18.0
b'WvunDFSs2hJrPHVFqB6Y1w',1,49,b'Cleveland',3.5,4,14.0
b'Sja9RHq7FpwDcmfzbGfIxQ',1,13,b'Cleveland',3.5,2,7.0
b'jhCcZgDhPh5oiPgOXYTkrg',1,62,b'Cleveland',4.0,4,16.0
b'_6Brh4UGrsnakkBKT1H_Qw',1,160,b'Cleveland',3.5,4,14.0
b'gk5zSldov0A3do1q8kLUDw',0,4,b'Cleveland',5.0,1,5.0
b'jH4EAEWiCYfiXyvtgPE1xg',1,5,b'Cleveland',5.0,1,5.0
b'ib8kSuDsmqLpbXuIs4KfKw',1,26,b'Cleveland',4.0,3,12.0
b'42rDLL6vNJ5w66Ccj6a5XQ',1,13,b'Cleveland',2.0,2,4.0
b'tNJgmbODR-N0qdPGy4Vsrw',1,109,b'Cleveland',3.5,4,14.0
b'xjQigsaN4wLSaZhqHsMiQA',1,5,b'Cleveland',3.0,1,3.0
b'tNw9uqfIzl247SfiZ-JBLw',0,6,b'Cleveland',4.0,1,4.0
b'6TMNUvxPfU6HnNMVa_Fv4Q',0,22,b'Cleveland',3.0,3,9.0
b'bbl8fr69OHrzbOFLeJ3kSw',0,8,b'Cleveland',3.5,2,7.0
b'EsjY-B1wh76hK6G6deH1hw',0,16,b'Cleveland',3.5,2,7.0
b'LnYkQ2Hjm-klqYJVgZ1cEQ',1,12,b'Cleveland',4.0,2,8.0
b'ZUvAR3I1uhC27zQFcRXumw',1,91,b'Cleveland',3.5,4,14.0
b'hc_x57UHPd3752vQj-2Oxg',1,4,b'Cleveland',4.0,1,4.0
b'QMpy9X4gqqqRY2QwG2kxVA',1,69,b'Cleveland',4.5,4,18.0
b'4pc7356HgsRdDwkHf2BVhg',0,3,b'Cleveland',5.0,1,5.0
b'ztG_sG9ugajX9crrzh0UyA',1,4,b'Cleveland',2.0,1,2.0
b'wnyMhlR5KCWkTCzQ1_gOUQ',0,92,b'Cleveland',4.0,4,16.0
b'98XJsz4hbDBxzowVUPC3lw',0,10,b'Cleveland',1.5,2,3.0
b'G6IR0pYAjqn6qOwdBBA4Wg',1,7,b'Cleveland',1.5,2,3.0
b'hTEVm9uOnR6L7hLAigNNAw',0,24,b'Cleveland',4.0,3,12.0
b'8yZ_nBgRC3CT1RFJC6KhXA',1,43,b'Cleveland',4.0,3,12.0
b'kyp6dmpiexaEhTBg7YpsSQ',1,7,b'Cleveland',4.0,2,8.0
b'IzEHkReZTds6ipOaCq2G6g',1,164,b'Cleveland',3.0,4,12.0
b'j4Ms51MtI4arORwaICNfCw',1,34,b'Cleveland',3.0,3,9.0
b'mBBsJUT6x-_Wr9qOy3TBxQ',1,3,b'Cleveland',2.5,1,2.5
b'SYOzI_Ooe-rXI3ZqCybwSQ',0,142,b'Cleveland',4.0,4,16.0
b'ygpvIw60wGri7cr3CA9Ipw',1,26,b'Cleveland',4.0,3,12.0
b'en2o4Y4kdDHIDc5P82EXBw',1,105,b'Cleveland',4.5,4,18.0
b'zhwqX2uk3XF_fwtwLj397A',0,9,b'Cleveland',3.5,2,7.0
b'OiS6K4IvKwxIcWlKVywG_w',1,39,b'Cleveland',4.0,3,12.0
b'nz8jiOENPW4csOeoAPApKw',1,9,b'Cleveland',4.0,2,8.0
b'-Glmj_sxqCu0F3G62kFt1Q',1,17,b'Cleveland',4.0,2,8.0
b'DuMWyxL4DMcy5A8MXD_67w',1,93,b'Cleveland',4.0,4,16.0
b'MNcHg6VFkqvPNS_0n2bWsg',0,7,b'Cleveland',3.5,2,7.0
b'aV-f_elvNoDG-yC6XJ5NKg',1,117,b'Cleveland',4.0,4,16.0
b'L7txS44bvz862djgTOim9w',1,321,b'Cleveland',4.0,4,16.0
b'wzj2cMpiDJW0HB3iCvCOYA',1,87,b'Cleveland',4.0,4,16.0
b'mPAt95zVO9deXkZSEFUDqg',1,3,b'Cleveland',2.0,1,2.0
b'S_02VqM-sXAY9kDhvGxXtw',1,17,b'Cleveland',3.5,2,7.0
b'bMSiHjs2fbKbBNPyuTwhHA',1,274,b'Cleveland',2.5,4,10.0
b'ORcU4wTBkpihqcbuFuDAQA',0,41,b'Cleveland',4.0,3,12.0
b'XM2qN3PiQbfSYo6zmHgSlQ',1,123,b'Cleveland',3.5,4,14.0
b'2r9U0--QqAK0JjL8vxB7mA',1,53,b'Cleveland',3.5,4,14.0
b'x1wYelMFfNppFvDAU661OQ',0,9,b'Cleveland',4.0,2,8.0
b'F6FYo3IpVwvAJ04kcwEh_w',1,31,b'Cleveland',3.5,3,10.5
b'IvkBPG8qtSx56P0Z9xmijg',0,19,b'Cleveland',4.0,3,12.0
b'68kpmZBEb6x7wG1HBeLQ3g',1,96,b'Cleveland',4.0,4,16.0
b'3OCgpAos1gmS4rbWTIjmsQ',1,73,b'Cleveland',4.0,4,16.0
b'h0Wmyzb8q0bXbrqmWqVvfQ',1,46,b'Cleveland',4.0,3,12.0
b'DhOvRBU3IXi_vClfRWz4KA',1,7,b'Cleveland',3.5,2,7.0
b'xXZw2v10FbaqRiibXhAhlg',0,24,b'Cleveland',3.5,3,10.5
b'MJXN25eWW0U4E5aVUlAFCw',1,9,b'Cleveland',3.0,2,6.0
b'UT7I809RZYVsRzUUsCDTbQ',0,9,b'Cleveland',3.5,2,7.0
b'QgrxN-PyUWaIab41-RrTwg',1,6,b'Cleveland',3.0,1,3.0
b'Ksk5cLav4OtbUtpRGp5b4g',1,16,b'Cleveland',4.0,2,8.0
b'pN3UbQ1n4WVli-kfFDfWug',1,21,b'Cleveland',2.0,3,6.0
b'J4h3IP8lYBW82gr2SGeV2A',0,4,b'Cleveland',2.0,1,2.0
b'pGu7YwnkIueer-3r3pkQdg',1,38,b'Cleveland',3.0,3,9.0
b'GdTK0lZkITpw89uVuNqXqg',0,3,b'Cleveland',3.5,1,3.5
b'LFh-Ay3bt9pTUNolfLn5gw',1,12,b'Cleveland',4.5,2,9.0
b'jRAUH6Ypc_2rX_nh3NMqcQ',1,76,b'Cleveland',3.0,4,12.0
b'CikuTcu41X3UZsp8YjCjSQ',1,21,b'Cleveland',4.0,3,12.0
b'ZRXL5kBWxRcGmgImzKq4QQ',1,12,b'Cleveland',3.0,2,6.0
b'WYhmqVAWZEK6Xz8O1kMSHw',0,4,b'Cleveland',2.0,1,2.0
b'Ur4WVTUfMrTMW-yVsREEvA',0,15,b'Cleveland',4.0,2,8.0
b'ESCeeLwhOSZ1ketQn1nq8A',1,13,b'Cleveland',4.5,2,9.0
b'1zI3trw5QLNdypXBfudh0w',1,9,b'Cleveland',4.0,2,8.0
b'x3nZVmEyXIYu3z5_dfbvTQ',1,4,b'Cleveland',5.0,1,5.0
b'EjBZKPyq_G9WMO01N8DnDw',1,181,b'Cleveland',3.5,4,14.0
b'J5kUNCioqtgNCursxMMJaw',1,33,b'Cleveland',3.0,3,9.0
b'02E9r4BQzVrA76Bf7G-KMw',1,154,b'Cleveland',4.0,4,16.0
b'GzHhdq5fZbFLhbWRYMCDcw',1,7,b'Cleveland',3.5,2,7.0
b'WHlbUb5SNdXDKYfkNDo89A',1,128,b'Cleveland',3.5,4,14.0
b'kh4fLYwyUl8yb7IHu-HCyw',1,4,b'Cleveland',3.0,1,3.0
b'V4YBWutY9j3ONvrTH-EhMg',1,28,b'Cleveland',3.0,3,9.0
b'TPJO55zWyo2CeeXQvOre8A',1,53,b'Cleveland',4.5,4,18.0
b'kt8gBE0TcSC_Srrxg98Mow',1,4,b'Cleveland',4.0,1,4.0
b'Ye7m47NmlX-r6dyCU1ix0A',0,46,b'Cleveland',4.5,3,13.5
b'8qTuIU_goGWDoFdYFGLJUA',1,3,b'Cleveland',4.0,1,4.0
b'2cMWPqJLjQ-ZvH2HvJvMsA',1,11,b'Cleveland',4.0,2,8.0
b'urRSZQWfUpSnsofAaIXYHw',1,3,b'Cleveland',1.5,1,1.5
b'COUJUfrodU-MH4tenlzoXA',1,16,b'Cleveland',4.0,2,8.0
b'gw0ZS5b5RP3Lzr1BoCbALg',0,44,b'Cleveland',4.0,3,12.0
b'GDpd9KZdUgnjcoCWTTphqw',1,165,b'Cleveland',4.5,4,18.0
b'4P3zCFzQ1tT_7PLD73gMvQ',1,26,b'Cleveland',4.0,3,12.0
b'l3lM7HNbU5Wlrb6K4Vw69A',1,3,b'Cleveland',4.5,1,4.5
b'eDoXXly5LT2GkMUTZddKtw',1,3,b'Cleveland',2.0,1,2.0
b'2N4AeKjw2WdBchIVqYPv_A',1,13,b'Cleveland',4.0,2,8.0
b'yZARNBEe1gTEV8UJuwIR2Q',1,3,b'Cleveland',2.0,1,2.0
b'CKRfBUqQGaVCYTKN5kDrzw',1,4,b'Cleveland',4.0,1,4.0
b'bfF90MspMbqLWdcEU9JLcg',1,44,b'Cleveland',3.0,3,9.0
b'atjtuvR00Gkhi11BgrVs1Q',1,3,b'Cleveland',2.5,1,2.5
b'UoRSHohdGuzfrpydZ9j0Lg',1,95,b'Cleveland',3.5,4,14.0
b'MX3TL4-ij22rLFBD1XjKGw',1,242,b'Cleveland',4.0,4,16.0
b'0DwMrcy7_X_C_mP8_QcXug',0,3,b'Cleveland',2.5,1,2.5
b'112pGcb0ZB666d_IwFt4jA',0,66,b'Cleveland',4.0,4,16.0
b'dmu1wM0CRgeoTIUXFihU7Q',1,26,b'Cleveland',3.0,3,9.0
b'DJr-kNyyTJpobrvjwaQZ4g',0,6,b'Cleveland',3.0,1,3.0
b'MzEzQLdcHcASsYVZ57UY8A',0,17,b'Cleveland',2.5,2,5.0
b'LsBLKGlaoXxmr_n-r6of0A',0,3,b'Cleveland',4.5,1,4.5
b'2L0I4w2_32aVJq-IzhZSig',1,82,b'Cleveland',4.5,4,18.0
b'hdOkgm5wyn1hOWLlqq5hyA',1,4,b'Cleveland',3.5,1,3.5
b'1YGQsn4AHPbcVsRmHqbeqQ',0,34,b'Cleveland',2.5,3,7.5
b'V_CzgZ8maFoKv9t-LgcjDg',0,4,b'Cleveland',3.5,1,3.5
b'KHdYW6Wl4wWXW60by60P0A',1,110,b'Cleveland',4.5,4,18.0
b'zGWTylnfPBV3nuNhRyFpOw',1,16,b'Cleveland',4.0,2,8.0
b'G70k8VCOe9CJUIapSYZRcQ',1,5,b'Cleveland',4.0,1,4.0
b'LtDYRcMJbJPhXPEklT29Fw',1,128,b'Cleveland',4.5,4,18.0
b'Sc2_TGgW-qBj1nkkxBkeQQ',0,6,b'Cleveland',4.5,1,4.5
b'9bxrdL-pQg6SVMFmDcg1ow',1,82,b'Cleveland',4.5,4,18.0
b'82aapoEF7sBcxrrP9AWiEw',1,50,b'Cleveland',3.5,4,14.0
b'8pftLQ9OT2VKbco_lf7vbQ',1,6,b'Cleveland',5.0,1,5.0
b'bgNmUYcraelf27TviWEMGA',1,233,b'Cleveland',4.0,4,16.0
b'intKyiipUlHDWi_chv0f3A',1,32,b'Cleveland',5.0,3,15.0
b'6OhgauonbNtqLRpXXn_nJA',1,6,b'Cleveland',3.5,1,3.5
b'Y1x-DOdfvlIGxVzDXmd-eg',1,117,b'Cleveland',3.0,4,12.0
b'2tfMXjOotr1r168mVttUmQ',1,95,b'Cleveland',4.0,4,16.0
b'p9wsRYjSo4yIb14ijaNEnA',1,92,b'Cleveland',3.0,4,12.0
b'5R03yx9yR4VkK1L-Waj4Pw',1,8,b'Cleveland',3.5,2,7.0
b't181Pejkkaos8n7HW8YYCg',1,7,b'Cleveland',4.0,2,8.0
b'e8a36rGWT7tnst1yChUukw',0,3,b'Cleveland',3.5,1,3.5
b'0S_TTdArnW8BrO-Xsp7EwQ',1,23,b'Cleveland',4.5,3,13.5
b'1-3QXTEwl1pfZn9kXFgN3Q',1,12,b'Cleveland',4.5,2,9.0
b'P0uECGAlrELjqeOtDHcB-Q',0,9,b'Cleveland',3.0,2,6.0
b'K-tl3k56Px2G6KRsKNyUUA',1,4,b'Cleveland',1.0,1,1.0
b'3Esl4FVI9Rzl_KSmIiMgaw',1,10,b'Cleveland',3.5,2,7.0
b'3r_y_cjRlobJNApmXDJoRg',1,109,b'Cleveland',3.5,4,14.0
b'YTNgCm8-TlyLvkBXCGxeMg',1,3,b'Cleveland',3.0,1,3.0
b'HCL73X2aBGmJ5C0Ynqihkw',0,8,b'Cleveland',1.5,2,3.0
b'TnO9SmZoRNfJlbNV1wBKYw',1,83,b'Cleveland',3.5,4,14.0
b'xm1SHIAGpWuLh-8F89jBgg',1,9,b'Cleveland',4.5,2,9.0
b'ivtLwRZfMq9Hagk8nW-xzQ',1,42,b'Cleveland',4.5,3,13.5
b'nL4cq4GEz4uiM48nz5E7ug',1,29,b'Cleveland',4.0,3,12.0
b'-prmBNT8sD8V2o2kXV6Ywg',1,5,b'Cleveland',2.5,1,2.5
b'yOx4Epa3NDDxS-ExC5Ya3g',1,5,b'Cleveland',3.0,1,3.0
b'iNeiyfZ7MHK8dI0QZ4Ucsg',1,98,b'Cleveland',3.0,4,12.0
b'viCWNmpnYWCdWpHOHGjerQ',0,9,b'Cleveland',3.5,2,7.0
b'PPCuGwbGA7HlhsGh8dbBsA',1,82,b'Cleveland',3.5,4,14.0
b'XhMfL-6lt-prYyC9Lp02gg',1,14,b'Cleveland',4.0,2,8.0
b'VEeqUTODkjwera_JKy97rg',0,12,b'Cleveland',3.0,2,6.0
b'ORM-8CMtxLsbhyJIvxfjYg',0,22,b'Cleveland',3.5,3,10.5
b'ots7CgnVUu7f9qNiZCXw7w',0,6,b'Cleveland',1.0,1,1.0
b'ZjptoOcCgtQTSiNwQR4vEQ',0,3,b'Cleveland',4.0,1,4.0
b'Hq-6gDr_sYL4_KlG5aGf6Q',0,6,b'Cleveland',3.0,1,3.0
b'7M_wmSKg-qljRdwafdPKpg',0,37,b'Cleveland',4.0,3,12.0
b'claunOWWYNvLD9Ybt5dA8A',0,5,b'Cleveland',3.5,1,3.5
b'lTFauUhnfk4pPhOMGDiEgg',0,25,b'Cleveland',3.0,3,9.0
b'6MlO4sGzERjA8kq5rySspQ',1,106,b'Cleveland',3.5,4,14.0
b'z1OhXPMw8CVdfq3BBGkQNQ',1,3,b'Cleveland',1.0,1,1.0
b'vkQEjuWcGKhibYjQlPaaKg',1,6,b'Cleveland',3.5,1,3.5
b'9k8cUeIuVDHhDJVw7bSgwg',0,17,b'Cleveland',3.5,2,7.0
b'8FBFFu--uMxj2pxMESeOeQ',0,79,b'Cleveland',4.0,4,16.0
b'Ms_3aqO0f82H-A53Sroudw',1,3,b'Cleveland',4.5,1,4.5
b'1SJiW_mW6IlEe7hqMTnjYg',1,9,b'Cleveland',4.0,2,8.0
b'knJh7agyWMdPyndI9dURjw',1,398,b'Cleveland',2.5,4,10.0
b'Q2fR4XDZPScez4b-Ttk5vA',1,6,b'Cleveland',5.0,1,5.0
b'8FZftD3Y5jQ2R44EDBqhlA',1,46,b'Cleveland',4.5,3,13.5
b'n0NH0FW8NU3zfeJY3QluMQ',1,230,b'Cleveland',3.5,4,14.0
b'gIZgDLdt-PW1j7QjV6z2Lg',1,90,b'Cleveland',4.0,4,16.0
b'emYhGfn1oIKNdUNHHCvGMg',1,3,b'Cleveland',4.5,1,4.5
b'huYgyzdbIwj2JF3U4fGT6w',1,7,b'Cleveland',3.5,2,7.0
b'qMyYUz_V9I-jor53xb3bMQ',0,10,b'Cleveland',4.5,2,9.0
b'5KluMMlJvYZGGFpGjdBDhg',1,3,b'Cleveland',4.5,1,4.5
b'zGwZNFrE-Yfh85feqZcs6A',0,3,b'Cleveland',3.5,1,3.5
b'3trdX3B7ZwmO2SKpQ9UJrg',0,74,b'Cleveland',3.5,4,14.0
b'_5PJ4GHIXNdUdXtohylKGQ',1,695,b'Cleveland',4.0,4,16.0
b'GJeequm4jhS8ei1b7-Q33A',1,6,b'Cleveland',3.5,1,3.5
b'4sYUOH1R2r4mCCJSjJ66ow',1,56,b'Cleveland',4.0,4,16.0
b'9-jtewo0SHAyBRLljyyaGg',0,7,b'Cleveland',4.0,2,8.0
b'e1RcTvtihmYdf8At7hLgRw',1,254,b'Cleveland',3.0,4,12.0
b'nOwexc-fUenxAtJf8cNW-g',1,17,b'Cleveland',4.5,2,9.0
b'ae_bWvkswYJZU4sOWOVVng',1,5,b'Cleveland',5.0,1,5.0
b'IJGce25T9M_xv9wG2F0Odg',0,3,b'Cleveland',4.0,1,4.0
b'wjvyVdtP-VpHrzZ3qEHg6g',1,3,b'Cleveland',3.5,1,3.5
b'XcQKsEUlh1W0R4iXbTA1Yg',0,48,b'Cleveland',4.0,3,12.0
b'956ZfpypyxLLkRmlaHWGkA',1,26,b'Cleveland',2.5,3,7.5
b'whh4FifOxjPmhiBi0tyErg',1,20,b'Cleveland',3.0,3,9.0
b'wbGOeoSttZguRXldqaiBVA',1,73,b'Cleveland',3.0,4,12.0
b'OnK_2xEmEmW0EunZnlZIag',1,9,b'Cleveland',3.5,2,7.0
b'yhxv_FcPrWQglM0g0DSEwQ',1,14,b'Cleveland',4.5,2,9.0
b'RPxDu0iYWUbg-3v7zzxyCg',0,5,b'Cleveland',3.5,1,3.5
b'y30HGHBNQXFswKhAryz0tg',1,4,b'Cleveland',3.0,1,3.0
b'Z2zynjhj6umPoHwLVfyOkw',0,36,b'Cleveland',3.5,3,10.5
b'sXY-t_J7fNteA9gWqWs9Qg',1,14,b'Cleveland',3.0,2,6.0
b'eZo_WH35_ugK6kqcF0M2Ig',0,12,b'Cleveland',2.0,2,4.0
b'r9QETdzuTTQpn-_exlL6jw',1,4,b'Cleveland',3.0,1,3.0
b'Q4iaGE5XM4yguqENY32Ttw',1,14,b'Cleveland',3.0,2,6.0
b'K6fYrrTorlpXmqutRcrHzg',1,385,b'Cleveland',4.0,4,16.0
b'qHiaNXS_F1M8aEa7YfoqCw',1,17,b'Cleveland',4.0,2,8.0
b'wlUiXdH1Cfj4do5kNxrOtw',1,12,b'Cleveland',2.5,2,5.0
b'cYshR_iYRMFhyLmqjAX_SQ',1,7,b'Cleveland',2.0,2,4.0
b'sX-7qfeKaN9wRr2eD0UmGg',1,11,b'Cleveland',3.0,2,6.0
b'9duYfRH4imJbucLiOCqUWw',0,3,b'Cleveland',2.5,1,2.5
b'zH3HFpkJZ9EmWMRhw1oypA',1,32,b'Cleveland',4.5,3,13.5
b'lwLd3mQRtzywaf0ndkyOmQ',1,9,b'Cleveland',2.5,2,5.0
b'tYNK4--H4WDaUBZ13salzA',1,11,b'Cleveland',2.5,2,5.0
b'VMcUG1dw4ldI_ldA2lGyEA',1,47,b'Cleveland',2.5,3,7.5
b'-_DxZ8gKU50sfuZEu4ypKg',1,173,b'Cleveland',4.0,4,16.0
b'4_sXnBAHU3lGxVfPUn0CNQ',1,3,b'Cleveland',2.0,1,2.0
b'X1v2lPPXgJGaIufxJHvZCA',1,104,b'Cleveland',4.0,4,16.0
b'a1_ZedhXo5mVflOV471pCA',1,19,b'Cleveland',4.5,3,13.5
b'o4HbgQnUkYnTLsbb6K5hjg',1,191,b'Cleveland',4.0,4,16.0
b'Aob9kNExpqUX5zD5culM9A',1,72,b'Cleveland',4.5,4,18.0
b'3Jx9x7QTbrzXcigublX6RA',1,3,b'Cleveland',2.5,1,2.5
b'bsme1TUoEQt5EDF7O6HBrg',1,14,b'Cleveland',4.0,2,8.0
b'fZKECzeSUlr3kZL_2dzhrQ',1,15,b'Cleveland',3.0,2,6.0
b'fja2EnaSxKu1D7uctMhw-w',1,175,b'Cleveland',4.0,4,16.0
b'EFxjlMxrfcWeO0KIZB-GTQ',0,4,b'Cleveland',3.5,1,3.5
b'6ExIH5FoPyMRhtz4p-2K1g',0,105,b'Cleveland',3.5,4,14.0
b'u2w7rfwl06rzHU7RcRkr9w',1,22,b'Cleveland',3.5,3,10.5
b'G9UlT-mBMdUwoUGCW405ow',0,42,b'Cleveland',4.0,3,12.0
b'W1hXfgnugKfVV1wDhko5lw',1,57,b'Cleveland',4.0,4,16.0
b'trZ9PBGPUil8NEAoFdb1rQ',1,4,b'Cleveland',1.0,1,1.0
b'Fy_FojwGrizFhLWoTPxFuQ',1,31,b'Cleveland',4.0,3,12.0
b'rRTz0zVbjmrEY8dEZmPJTA',1,124,b'Cleveland',4.0,4,16.0
b'WEs9MN1M6tixwEz844jCUw',1,32,b'Cleveland',2.5,3,7.5
b'GVTL5nxjlhzdXJMy4-4HBA',1,11,b'Cleveland',3.5,2,7.0
b'A4GjSb9NhUKGUoyyGHNwYQ',1,18,b'Cleveland',4.0,3,12.0
b'qsDxZtF-tauBMHl_NZYssw',1,11,b'Cleveland',3.5,2,7.0
b'CSBNoeTyY_PjH0Wdcw7S2w',0,10,b'Cleveland',4.0,2,8.0
b'1hFksNGqkzHBgYSp8H394w',1,6,b'Cleveland',4.5,1,4.5
b'o_une30mUUXlFdcud-cqWw',0,45,b'Cleveland',4.0,3,12.0
b'DPJMGfVPeSMBjAVKKKxiKw',0,21,b'Cleveland',2.5,3,7.5
b'Bl8_M_kDXZt_zsrLRgDulA',1,39,b'Cleveland',4.0,3,12.0
b'UbmWUWX_Or7u_w0hGfHUbQ',1,6,b'Cleveland',3.5,1,3.5
b'Aqhy2ZYpEeJ61aIJH_iCxw',1,22,b'Cleveland',2.0,3,6.0
b'9LAXz_VfATZ0kLdaavkN4g',1,216,b'Cleveland',4.5,4,18.0
b'06DxO1hUPQJmtUzIbVNKwQ',1,10,b'Cleveland',2.0,2,4.0
b'G63I6tTMcQDBavorYBWUSg',0,29,b'Cleveland',3.0,3,9.0
b'OOXUDZVOREgjwrLiwr3Spg',1,43,b'Cleveland',3.0,3,9.0
b'CxvirkRLRYaspG6GKn73YQ',1,4,b'Cleveland',1.0,1,1.0
b'ln-9sGJL8hVjSDwDcwEXWw',1,7,b'Cleveland',2.5,2,5.0
b'HmF1uRRxucvELiPWXXsZPw',1,62,b'Cleveland',4.5,4,18.0
b'zB4w1HYzZ9tBwjLNvLNc3Q',0,23,b'Cleveland',2.0,3,6.0
b'VBxKOEdjg7ryuA2Ni080rA',1,4,b'Cleveland',4.0,1,4.0
b'rj5TMsJ3Hq5QUm9RzJYKcQ',0,9,b'Cleveland',3.5,2,7.0
b'Vu6yNbKinh-54QT8i27LCw',1,3,b'Cleveland',3.5,1,3.5
b'haGstZfcH0IeRPncH2oFPQ',0,75,b'Cleveland',3.5,4,14.0
b'e43cDdpfYKn3PLDq5T2AyQ',1,7,b'Cleveland',3.5,2,7.0
b'cL38u23Ez492pToB4xZZXQ',1,4,b'Cleveland',1.5,1,1.5
b'vmOnhwEiqBOCaTegD_cUDg',0,15,b'Cleveland',3.5,2,7.0
b'_8Os_hsIMqO7njlJChHdvA',1,4,b'Cleveland',4.0,1,4.0
b'vDPRMZPe6lfy0MAcycvQUw',1,5,b'Cleveland',4.0,1,4.0
b'1FbPiw_tWdyjrUcJa41Zvg',0,18,b'Cleveland',3.0,3,9.0
b'Xg_eCdx99z5Y1oTLimniOw',1,113,b'Cleveland',4.5,4,18.0
b'M5tclVg-PSf-XbSRvUG-AA',1,15,b'Cleveland',2.0,2,4.0
b'cUwNW5NEua_yMcAx-X2sMg',1,273,b'Cleveland',4.0,4,16.0
b'HYm_XUwKk_s-gCC0kdERDA',1,24,b'Cleveland',3.5,3,10.5
b'rgdD0z1plae_ewOluEq8iQ',1,20,b'Cleveland',4.0,3,12.0
b'gn3QZOWJqICxnSNdyM54hw',0,3,b'Cleveland',2.0,1,2.0
b'mvqvZ1ipV6xNP7WU4guI4g',1,3,b'Cleveland',2.5,1,2.5
b'oTUyD6FBo7u7w54aYZx3bA',1,3,b'Cleveland',4.0,1,4.0
b'UQMQDq8yuxnyQyBIoKhzoQ',1,125,b'Cleveland',3.5,4,14.0
b'LJe2qhqA9nWWXED4mB8aoQ',1,3,b'Cleveland',3.5,1,3.5
b'N5nB7bt89WYvobTGIP1vPA',1,92,b'Cleveland',4.0,4,16.0
b'J-3u7M186SmAoC1l0ViEFw',1,12,b'Cleveland',3.5,2,7.0
b'_g0dF6TAj7-RlSUfsGwl7w',0,11,b'Cleveland',3.5,2,7.0
b'B2yz5yAviP9sj8p1G6xi1g',0,4,b'Cleveland',3.0,1,3.0
b'iPaXQP-JQCvwHV5D8RFTIg',0,4,b'Cleveland',3.5,1,3.5
b'qbDaSyxDfUZNheucJym2Pg',1,30,b'Cleveland',2.5,3,7.5
b'BR92F6HmOHq-uKtMgyr7rw',1,82,b'Cleveland',3.5,4,14.0
b'3tPemruVItQW12O3tYnsxg',1,15,b'Cleveland',4.5,2,9.0
b'xiUVYCnW8pNL2uiMjETtQA',1,9,b'Cleveland',4.0,2,8.0
b'5mJlO3oCw_4vvbq1qM6OEg',1,81,b'Cleveland',4.0,4,16.0
b'ZPm6lZlNO9iG1_v0GF_Gqw',1,5,b'Cleveland',3.0,1,3.0
b'LXhZUqafcflpTB4RgRljdA',1,3,b'Cleveland',5.0,1,5.0
b'hGEutUMfbpSdCiekvbW-rg',1,3,b'Cleveland',3.5,1,3.5
b'qCJ5txE34m5OHx4UVRzCTA',1,4,b'Cleveland',3.5,1,3.5
b'iDUPJOcU1VRQv9aK6Egztw',0,10,b'Cleveland',2.5,2,5.0
b'jrrozZmlFKp5KaVTD1fq3g',0,6,b'Cleveland',2.5,1,2.5
b'7-K3HAcYkS92V0tdgmM2_A',1,20,b'Cleveland',4.0,3,12.0
b'lxU5_YEsvMsn1k7Ol-i3xQ',1,15,b'Cleveland',2.5,2,5.0
b'akjewrvAc_LwLqbZ-kqQ5Q',1,7,b'Cleveland',3.0,2,6.0
b'gGlFPw1TFJANUl_FFmSNgA',1,11,b'Cleveland',2.0,2,4.0
b'GiqQniByPQZJcwU6yvlgeQ',1,15,b'Cleveland',5.0,2,10.0
b'm6O4gOfTtqJKmz0Ev2-PCg',1,20,b'Cleveland',4.5,3,13.5
b'vBV9TEGfaBWw_uXJn8-J1g',1,3,b'Cleveland',2.5,1,2.5
b'lfdiEgr4xbbn6waskIZj4A',1,38,b'Cleveland',4.0,3,12.0
b'r3lT2Qd80FXBoJKaVGY1Vw',1,37,b'Cleveland',4.5,3,13.5
b'B0qB9pWaYOFx_iv_KNSLbw',1,19,b'Cleveland',4.0,3,12.0
b'LJwS9epPXXvzel7bZ616Gg',1,49,b'Cleveland',4.0,4,16.0
b'7fiRVsawDX0vCpoMTbbxcQ',1,16,b'Cleveland',2.0,2,4.0
b'dcytjy24XmYrLtjTjgyEZA',1,18,b'Cleveland',4.0,3,12.0
b'8bnX7WyIZ_ZMoUNnkkFa_Q',1,20,b'Cleveland',3.0,3,9.0
b'AbPQf-X7awuPFDULiJ43bg',1,531,b'Cleveland',4.0,4,16.0
b'YyyqcbVyoBo4wPsgowUtUQ',1,86,b'Cleveland',4.0,4,16.0
b'unDs06rQ8V-d8-EujSVe8A',0,31,b'Cleveland',3.5,3,10.5
b'lFmodN3eYipeWBmE9fwzxw',1,4,b'Cleveland',3.0,1,3.0
b'MjLRxNBuFR9DvA2XzQAXIA',1,41,b'Cleveland',4.5,3,13.5
b'Lo_kU1f3Jd1qCQNrUVeo_w',1,53,b'Cleveland',3.5,4,14.0
b'6h5UmbIV4HPFj5bklXj75w',1,3,b'Cleveland',3.5,1,3.5
b'epAifIGqwj5oFp5MV8kgiQ',1,384,b'Cleveland',4.5,4,18.0
b'K6I_546GX7wxvI4CVZDrRQ',1,21,b'Cleveland',2.5,3,7.5
b'6WdKJJbK6EC5R8PKGWMsng',1,13,b'Cleveland',3.0,2,6.0
b'WuPSEvu8pES752S92awAVQ',1,30,b'Cleveland',2.5,3,7.5
b'6x4BDO6DrX9QXecdPCpVwA',1,3,b'Cleveland',3.5,1,3.5
b'qGJZ1C3rUjqZ6LAtNMjQtw',1,123,b'Cleveland',4.0,4,16.0
b'9bxcpud3GREFOxKY2cbheA',0,47,b'Cleveland',4.0,3,12.0
b'wmstf9dw0-kN3YThIxx8eQ',1,131,b'Cleveland',3.5,4,14.0
b'rQ9qBma0ol5N5O_sOZ-l8w',0,11,b'Cleveland',4.5,2,9.0
b'TW6A7M0j0R9hp1zYpxz2FQ',1,93,b'Cleveland',3.5,4,14.0
b'L-Go77QiXmXsYt9dYULPww',1,75,b'Cleveland',3.5,4,14.0
b'IoPSrK19Xd9FG_Q0x_CcLQ',1,10,b'Cleveland',4.0,2,8.0
b'mTcPc9rE43XrG05RQOjnWw',0,41,b'Cleveland',3.5,3,10.5
b'vybX7mQJLYm6HP1vRxZBDQ',1,13,b'Cleveland',4.0,2,8.0
b'JJGr_k3F26K1ShNLdxfYRQ',1,3,b'Cleveland',4.5,1,4.5
b'LvnOhs9Udhyp5adF7Cq98g',1,178,b'Cleveland',4.0,4,16.0
b'Nkb9_PKgnVYZe8W1y_fBRg',1,58,b'Cleveland',4.5,4,18.0
b'w1Dt_Dsbm40IgdVERLv5sQ',1,25,b'Cleveland',3.5,3,10.5
b'TS4YBX-Wd71lrN6lwKCj0Q',0,3,b'Cleveland',4.5,1,4.5
b'dt09TJuvnZR6dRd30CKNaA',1,4,b'Cleveland',3.0,1,3.0
b'0_3vFRwwoOxu6PF-N9gZdw',0,3,b'Cleveland',3.5,1,3.5
b'l_MAsRrpzf2sXPykr9DyxQ',1,52,b'Cleveland',4.0,4,16.0
b'USRXU4ASBAFSKhlk-KVrCw',1,71,b'Cleveland',3.0,4,12.0
b'KUAI4xdaC3BJmkpT22KIVQ',0,13,b'Cleveland',3.0,2,6.0
b'LVjo-nTZt7FoOMBJfiKs3A',1,6,b'Cleveland',3.5,1,3.5
b'ryG0kC_7fmBMrl-g2NFa2A',1,17,b'Cleveland',4.5,2,9.0
b'1v9TVINzMod7JfSQI7Aayw',1,80,b'Cleveland',4.0,4,16.0
b'meXjqyhTNLFmknY39y2sMg',1,751,b'Cleveland',4.0,4,16.0
b'B7pLK62P0rRxz25HV4RXFA',1,14,b'Cleveland',3.5,2,7.0
b'N9qQPezv9swXFLPgoMdhOg',1,33,b'Cleveland',2.0,3,6.0
b'I5YF1kl3LCVM6nDeP8rUzQ',1,41,b'Cleveland',3.0,3,9.0
b'78V1WQHXc5UUfttHm07Grg',1,10,b'Cleveland',3.5,2,7.0
b'z71cDtFTgwvT7ihsxesTzA',1,40,b'Cleveland',3.0,3,9.0
b'_PUGXxBeY2Z9OOosFS056w',1,33,b'Cleveland',3.0,3,9.0
b'OS_VB6MzlGnw4451XdaZXg',1,3,b'Cleveland',2.0,1,2.0
b'BUz4cv0BqwLA4Vrptp1OxQ',1,6,b'Cleveland',2.5,1,2.5
b'sARejHFyWLA93RgGwkhy5g',1,5,b'Cleveland',3.5,1,3.5
b'7FFlMoNoIW5W3KgCYqknmQ',1,45,b'Cleveland',3.5,3,10.5
b'qzjMO-bLXirGU1Q4_8vJEg',1,27,b'Cleveland',3.5,3,10.5
b'kf5vUoZTGedgydqce2e08g',0,29,b'Cleveland',3.5,3,10.5
b'K_xtAppJIWWeO8pNzK22lA',1,4,b'Cleveland',4.5,1,4.5
b'QYio9HySny2cMcIs8YjMCQ',1,25,b'Cleveland',5.0,3,15.0
b'fjjDfZkChBWyCtbL7bvb2Q',1,39,b'Cleveland',3.5,3,10.5
b'uYGccFiK5EdKBV0W33eGoA',0,5,b'Cleveland',5.0,1,5.0
b'9p-oDNOVSG38rRN-15MviQ',1,84,b'Cleveland',4.0,4,16.0
b'JkQSLe_rBftbTJdZuQFlSw',1,272,b'Cleveland',4.0,4,16.0
b'5AWuy1gmFuqyQfj0484fcA',1,6,b'Cleveland',3.0,1,3.0
b'TaEASKZil0TT7CAzyqFUgw',1,113,b'Cleveland',2.5,4,10.0
b'10Jk5ilimXrfAq8JJ1gISg',0,62,b'Cleveland',3.5,4,14.0
b'iZfeH70e_YFLrURT8WuCYQ',1,49,b'Cleveland',3.0,4,12.0
b'JBt7b3Z9of23xuz3_uIq3Q',1,69,b'Cleveland',4.5,4,18.0
b'QQLVFIx7vevEe0luzqPZQg',0,35,b'Cleveland',2.0,3,6.0
b'v2a8hI1Tsi1SgFKFWD39qQ',1,9,b'Cleveland',5.0,2,10.0
b'5indH5UpallkkTNmXTMn7w',1,20,b'Cleveland',2.0,3,6.0
b'BR7lkLeaLCZtUBvCLnltww',0,29,b'Cleveland',4.0,3,12.0
b'IhnaDVJLfE2T-jhZZ6nESQ',1,11,b'Cleveland',4.5,2,9.0
b'L4xtiJPS_VSbmBxTfOwjCQ',1,26,b'Cleveland',4.0,3,12.0
b'z82CyKgRSX2KyUWgphygtg',1,26,b'Cleveland',4.0,3,12.0
b'JoMHtnAfdBI78-u17mqw8Q',1,3,b'Cleveland',2.5,1,2.5
b'INsBi18bVl4UNqRcGzAkLQ',1,5,b'Cleveland',1.5,1,1.5
b'NYOONIzD1T0yY9MuCglwLQ',1,11,b'Cleveland',3.5,2,7.0
b'LMam7VLCMJfa1EoUfAv61Q',1,37,b'Cleveland',4.0,3,12.0
b'IWx4Yx1h-ramDGBNqNQ4MQ',1,29,b'Cleveland',3.0,3,9.0
b'jQe-ZROYfR7dTgUhAtjvrQ',1,32,b'Cleveland',3.5,3,10.5
b'XUA7xA7myMaCuN6G3xYdIA',1,172,b'Cleveland',3.0,4,12.0
b'bM3ARXFMxGrntnHS6a7vEQ',0,129,b'Cleveland',4.0,4,16.0
b'W80o5A-ajAznRWO3E5J7EQ',1,9,b'Cleveland',3.5,2,7.0
b'0youcKV6-eE3F2MQj1l6Fw',1,116,b'Cleveland',3.0,4,12.0
b'dPIQurJHDMt1KDlXolNFhw',1,29,b'Cleveland',3.0,3,9.0
b'JhxI7oS_jsFnq34dDubugQ',0,8,b'Cleveland',3.5,2,7.0
b'_vDoNSl0w_v-dEkj8EorwA',1,6,b'Cleveland',4.0,1,4.0
b'GoWNE6T23FNqSG0njOtiig',1,5,b'Cleveland',2.0,1,2.0
b'yZE8Vwam62qWB5bO0kvp6w',1,6,b'Cleveland',2.0,1,2.0
b'MDJWdWaqOjFAGby5i35I6g',1,3,b'Cleveland',2.5,1,2.5
b'W6_HAvErr18PWOyIUCDdSA',1,3,b'Cleveland',2.0,1,2.0
b'jcZXbQ96bznQyNIR0VxRtg',1,3,b'Cleveland',3.5,1,3.5
b'cRTkev8c66o6q6v7FstjLA',1,33,b'Cleveland',4.0,3,12.0
b'pw5B6BKQ4dWPzKesqn01NA',1,6,b'Cleveland',4.0,1,4.0
b'Um68_R8V2r5OLOuksJXLnw',1,4,b'Cleveland',3.0,1,3.0
b'QY1c64999GIxuXtzdFMbqQ',1,9,b'Cleveland',4.0,2,8.0
b'wSAGILK2CFbq5BVZ5D67-A',1,147,b'Cleveland',3.5,4,14.0
b'dQwjYLmQXb06CpMPIpm5-g',1,73,b'Cleveland',4.0,4,16.0
b'OdLYPceRdj07gC378sruMw',1,8,b'Cleveland',3.0,2,6.0
b'18b_QEiqTD7cwJTLjNgw3g',0,11,b'Cleveland',3.0,2,6.0
b'jmTirQw-n4V_Z4g1-RE9iw',1,35,b'Cleveland',4.5,3,13.5
b'clmjilkPbjl3B5qRSHB1rQ',1,3,b'Cleveland',2.5,1,2.5
b'Xs2MWO1-iNmX6Okf2UUUhQ',1,4,b'Cleveland',2.0,1,2.0
b'dyJsv02GJgQZBl2Lh3vjjg',0,30,b'Cleveland',3.5,3,10.5
b'F9JDMhOEDsE0PnutWhGqAQ',1,4,b'Cleveland',1.0,1,1.0
b'FnE_WckfalB0tBlXj205-w',1,3,b'Cleveland',2.0,1,2.0
b'X0mNw8owxgJXrgTBR-7Yfg',1,138,b'Cleveland',3.5,4,14.0
b'dpEE0QVbYvpbuYgXBawmDg',0,34,b'Cleveland',3.0,3,9.0
b'sS5-UR5I1N_JZx8UGt5xGg',1,16,b'Cleveland',3.5,2,7.0
b'AyzyqTk74oLJrhS_PdGA1g',1,4,b'Cleveland',2.0,1,2.0
b'QvKN1zh_BCFai6oDCx3d_g',1,8,b'Cleveland',4.0,2,8.0
b'nJrFxROYx9sis3acKkhzgA',0,374,b'Cleveland',4.0,4,16.0
b'cFDpY9Y-s2yNnsqNk__xqQ',1,10,b'Cleveland',3.0,2,6.0
b'TAwgNWX-Xv7xnTHeRqPReQ',1,38,b'Cleveland',4.0,3,12.0
b'_HW7sgUShin0aGouFMiUdA',0,23,b'Cleveland',4.0,3,12.0
b'sOXRk5TkFrz3pKzUYF1EEw',1,3,b'Cleveland',2.5,1,2.5
b'uB6zt1CUBgAaSgKmtfwIzg',1,6,b'Cleveland',4.0,1,4.0
b'1FRf6pdx7AtI6HZXIlAZWA',0,22,b'Cleveland',3.5,3,10.5
b'0G-WFdOu3_KW3mBZJQq5Cg',1,100,b'Cleveland',4.0,4,16.0
b'ZxYPXtZQ-6DFyl4VQkTELQ',1,147,b'Cleveland',4.0,4,16.0
b'QRSmjSpB6Yn5iNS6q88tNg',1,39,b'Cleveland',3.5,3,10.5
b'rECYunhPI1P3gmdbaXcfeA',1,8,b'Cleveland',2.0,2,4.0
b'jNWyePugCw1J_O-s04JtIQ',1,8,b'Cleveland',3.5,2,7.0
b'OiCcesI28uoVgdYmO8VjXw',0,25,b'Cleveland',3.0,3,9.0
b'gUR2pWQKLPgMEm_R_aI_aw',1,130,b'Cleveland',2.5,4,10.0
b'wkNT82BPI9eW0Jv36SFYkA',1,5,b'Cleveland',2.5,1,2.5
b'ttRnQ4PYIuR_ptgaTT2g_A',1,30,b'Cleveland',4.5,3,13.5
b'QMAD8tvYgh53N-AyIvFHAw',1,86,b'Cleveland',2.5,4,10.0
b'VHl_CX2rfWviSQdvrpmnyw',0,6,b'Cleveland',4.5,1,4.5
b'mrCOQuRY60xAMkQVSf3nCA',1,38,b'Cleveland',4.5,3,13.5
b'YuNSmZLzstMSeU3O5qHhig',1,3,b'Cleveland',5.0,1,5.0
b'AdhoiyQD1sELIJNNE3npDQ',1,11,b'Cleveland',4.5,2,9.0
b'xzQzJTu47vNCYlpB8jdMaw',1,172,b'Cleveland',4.5,4,18.0
b'CJvN2k3gjR7JspTx21icTQ',1,172,b'Cleveland',4.5,4,18.0
b'pnYDtPaVw_xRBHm9y0y4gg',1,105,b'Cleveland',1.5,4,6.0
b'97V91GSG-OQvrvOc9GXoGA',1,128,b'Cleveland',4.0,4,16.0
b'myorOrDcPgwYwNXcFs0qBQ',0,33,b'Cleveland',4.0,3,12.0
b'udFcIcbWbxrO8uLF95WnQg',1,165,b'Cleveland',4.0,4,16.0
b'sRqlwSng2nHqTZuggX__Mw',1,60,b'Cleveland',4.0,4,16.0
b'NFrDOhznry5iqD15p4nyfQ',1,8,b'Cleveland',1.0,2,2.0
b'o5jKW_A2PInNvHYBj-sCyg',1,6,b'Cleveland',3.5,1,3.5
b'wkhxaIt6S9bQ0twAD9Svpw',0,6,b'Cleveland',3.5,1,3.5
b'ex-KFCUOxa9mWkbbVvuGQw',0,8,b'Cleveland',4.0,2,8.0
b'kfTvilKjXhD_0GmlmKdW_A',1,10,b'Cleveland',1.5,2,3.0
b'xiGM1EfkRqZBBf1tuyr1vQ',1,38,b'Cleveland',4.0,3,12.0
b'x39RAjfckW2buRTZ57rKDA',1,17,b'Cleveland',3.5,2,7.0
b'k1VQF6auj3RQT-QjMWtrEw',1,17,b'Cleveland',4.0,2,8.0
b'T2JwvV8hH15KbnS1OCnrJg',1,73,b'Cleveland',3.5,4,14.0
b'BxpWf0-aNxjpfdZcULR6vg',0,3,b'Cleveland',1.5,1,1.5
b'Sb2a5N9gSLICYkMVSjszsA',1,23,b'Cleveland',4.0,3,12.0
b'nfnr1RP2VjV6K_OkbX6avQ',1,12,b'Cleveland',4.0,2,8.0
b'wTTNXThF1RQ3Lu5FnujmOA',1,102,b'Cleveland',4.5,4,18.0
b'jXo3-D3fCzaQzLE0NRZlZw',1,15,b'Cleveland',3.5,2,7.0
b'dJCZeDVq6cqqdch1e6YiUQ',1,4,b'Cleveland',3.0,1,3.0
b'IeH7I-29vKD5w9v9pX5KYw',0,7,b'Cleveland',4.5,2,9.0
b'gWz6E7v0i403_t8Ntor5JQ',0,59,b'Cleveland',4.0,4,16.0
b'Cg7LzEnDacKMrNaezjRGsA',1,32,b'Cleveland',4.0,3,12.0
b'tKWoQENTGxhYCJSbY4ZLsQ',1,19,b'Cleveland',2.5,3,7.5
b'hWLqwafZ2tXH0S073lJSGA',0,31,b'Cleveland',4.5,3,13.5
b'wrV2yRrSAoVeXpvR7n-czA',1,3,b'Cleveland',3.0,1,3.0
b'hmfAdo6LuVOvBLiu75C8ZA',1,134,b'Cleveland',4.5,4,18.0
b'AhQu7mLtmGlp8U2I-SV_jA',0,27,b'Cleveland',2.5,3,7.5
b'2TC-P3bUwz1ZYxpqAlCgiw',1,21,b'Cleveland',3.0,3,9.0
b'OA5Li3ySzhrbG_WvD_QGYA',1,486,b'Cleveland',4.0,4,16.0
b'oGnUASBpfhXLlJcdyv_2ig',1,6,b'Cleveland',5.0,1,5.0
b'yTv4ptghx8xrErx6dcW3HA',1,89,b'Cleveland',4.0,4,16.0
b'l1ug2BtaafDvHpr3JEmbAQ',0,21,b'Cleveland',4.0,3,12.0
b'QxdxYcEF-JAUhkmw3sHXUg',0,4,b'Cleveland',3.5,1,3.5
b'ks8XsTMTungCk-HUtZleYg',1,20,b'Cleveland',4.0,3,12.0
b'MTsIckdo3_uKuqk3B4zuKA',1,122,b'Cleveland',4.0,4,16.0
b'8U6EmwNaeTnhKbhBgIZPGQ',0,14,b'Cleveland',3.0,2,6.0
b'u_ZGUzNkGppD0-WR61bd1A',1,8,b'Cleveland',2.0,2,4.0
b'vBMAdtlABJ1qb1ryaeOugA',1,38,b'Cleveland',4.0,3,12.0
b'B_ouKNVsEDrGHwec280CAg',1,28,b'Cleveland',2.5,3,7.5
b'IWDA6Tp8aFIaIqJJnZF0oA',1,13,b'Cleveland',2.0,2,4.0
b'XHUGoHv5mP1zsgloxI-Oig',0,20,b'Cleveland',4.0,3,12.0
b'7tzhoEyaTLxdwkCWMTUbZg',1,37,b'Cleveland',3.0,3,9.0
b'IPrtHNKwLERUKvYJGDOHtg',0,64,b'Cleveland',2.5,4,10.0
b'KfiSiJZ73oO0TyJSsu851g',0,21,b'Cleveland',4.0,3,12.0
b'YH11qUmwVmrMMK2nJGVo_A',1,26,b'Cleveland',3.5,3,10.5
b'ToHKLIjR05Rz9boWvmWaPA',1,168,b'Cleveland',3.0,4,12.0
b'rzd_2GJpkvHPejEwJ-IKHg',1,30,b'Cleveland',3.5,3,10.5
b'w4a6TuFWArSc29dB51rPNA',1,245,b'Cleveland',3.5,4,14.0
b'NMtxUApc4-puhWVtZWcU8g',0,25,b'Cleveland',2.5,3,7.5
b'507j6A0IUBSYFgTOx7YABA',1,9,b'Cleveland',3.5,2,7.0
b'anzCdD5eIEHwydTpXhLlUA',1,577,b'Cleveland',4.5,4,18.0
b'xY90cIKTj9rVYqgJmFxgJQ',1,9,b'Cleveland',3.5,2,7.0
b'TknwCR_kdD90D8Bx1WcLnA',1,62,b'Cleveland',3.5,4,14.0
b'txVbZR1mAB6GL8G4Sx4KHA',0,5,b'Cleveland',3.5,1,3.5
b'aURWnSm0BrHhp-0DSXFJww',1,7,b'Cleveland',3.5,2,7.0
b'3RnhYptW01qZ6rdPngojAA',0,5,b'Cleveland',4.0,1,4.0
b'J1RDyyPxhioqm8c_fi4P4Q',1,893,b'Cleveland',4.0,4,16.0
b'dC6OXF_4Bd9nDOSRc8VTGw',0,15,b'Cleveland',2.5,2,5.0
b'tZpxk604kWWHsJKyirraZg',1,25,b'Cleveland',4.5,3,13.5
b'dCsW_fmSz_DiotoRIjh3jg',0,9,b'Cleveland',3.5,2,7.0
b'RWRFp_gkDIBjYfJ3K_HiAw',1,10,b'Cleveland',3.5,2,7.0
b'IUldL6DNTst_wwDRUNrmMw',1,5,b'Cleveland',3.0,1,3.0
b'EoHYfqfIIRhDuI1h5YWagw',1,13,b'Cleveland',3.0,2,6.0
b'xMUcmzDm3P4U1urVD2pYdQ',1,32,b'Cleveland',3.5,3,10.5
b'GtSNTE2qMOZBlj0noCgCGw',1,102,b'Cleveland',3.5,4,14.0
b'LpQPDBgKh1nP-vLLzfsilg',1,17,b'Cleveland',3.0,2,6.0
b'9Ii0ZUKw0zAus-AnI00xLw',0,19,b'Cleveland',2.5,3,7.5
b'r_TKhukd3QwMVxeFqQ8F1Q',0,5,b'Cleveland',3.0,1,3.0
b'3qLTly2tgDgBMVKyoK8O3w',1,23,b'Cleveland',4.5,3,13.5
b'cXmlv2WBzuB6JLMhaCvLuQ',1,75,b'Cleveland',4.0,4,16.0
b'i5A6Bb9SpaYb3_Yr40Pk2g',1,13,b'Cleveland',4.0,2,8.0
b'nCK19UJUHdX5bXWAASr-Ww',1,5,b'Cleveland',4.0,1,4.0
b'MjAuGkgPjNLyMrN74_0YbA',1,84,b'Cleveland',3.0,4,12.0
b'_9ivE0h8DdfEWqdSL8JU6g',1,47,b'Cleveland',3.5,3,10.5
b'9x6YjEmCwErs1UTFuYDOOQ',0,3,b'Cleveland',2.5,1,2.5
b'7OaW_FuiE6jObsoCBDw7gg',0,5,b'Cleveland',5.0,1,5.0
b'uqPHO-o4stxGXLdxP3WNig',0,10,b'Cleveland',2.5,2,5.0
b'SZbn2cSLGsAmvliMzsvXOw',1,3,b'Cleveland',4.0,1,4.0
b'dQIO_7U0sUkNXzbDaZ-LHQ',0,30,b'Cleveland',3.5,3,10.5
b'pP4MRsHfrage-sm4mXYFAQ',1,19,b'Cleveland',2.5,3,7.5
b'IAbq5UuXX_hJbxTOB5suWQ',1,60,b'Cleveland',4.5,4,18.0
b'TZ84r-ku5k6oUFOtS9-fAA',1,16,b'Cleveland',3.5,2,7.0
b'VSo34eZH-0u-CMyLpXD1qQ',1,13,b'Cleveland',2.5,2,5.0
b'PlmdHJS5tiFrIM65klmNNA',1,29,b'Cleveland',2.5,3,7.5
b'5wyCSyKqUCjRZKDaWX_fmQ',1,6,b'Cleveland',3.0,1,3.0
b'4s-eHLQcoMqAgfzbiQsKIw',0,12,b'Cleveland',3.0,2,6.0
b'Vj-QgRXDpCm7vLBBSckx8g',0,31,b'Cleveland',4.0,3,12.0
b'423AAbu0yBoDMOeVwnLzkQ',1,87,b'Cleveland',3.5,4,14.0
b'qx-d5K0fugvnrW5AYcTqlw',1,3,b'Cleveland',4.0,1,4.0
b'KIanJQ6ZouQRQeaim8gZHQ',1,39,b'Cleveland',4.0,3,12.0
b'yLnpDARXjqc1Iaom-Pcf7g',1,5,b'Cleveland',2.0,1,2.0
b'SjNAIkJrmydP8xMUOnNfoQ',0,3,b'Cleveland',3.5,1,3.5
b'-QjnuSMIAJhcwOc-8BqalA',1,6,b'Cleveland',3.0,1,3.0
b'Scjd6eKQ2zWiecxQcbGXIg',1,8,b'Cleveland',2.0,2,4.0
b'RstX9t42Bvag4pVDBDScdQ',0,5,b'Cleveland',2.5,1,2.5
b'xAbGtOHkdp3khmSpEGgkZg',1,31,b'Cleveland',3.5,3,10.5
b'JJe0yIYC_M3la1Qbm9i3UQ',1,45,b'Cleveland',4.0,3,12.0
b't7b_86s_Q__P35H9NXedhw',1,37,b'Cleveland',4.0,3,12.0
b'jhNV1xO2q1_61REv2YQAtg',0,5,b'Cleveland',3.5,1,3.5
b'G-u14MaU6ymd0gZoNX3mAQ',1,10,b'Cleveland',4.0,2,8.0
b'Kr1ANk9o4NrLu87xoWB80A',1,44,b'Cleveland',3.0,3,9.0
b'JftoP9r6TT98v83hfY9RZw',1,30,b'Cleveland',3.5,3,10.5
b'1iQFx2CcAWon9JaBOJUZJw',1,11,b'Cleveland',2.5,2,5.0
b'9FgYJqenmSxWdM4VH0Z6lg',1,9,b'Cleveland',4.0,2,8.0
b'r2BP0Irh63hqYUDSZd0ijQ',1,81,b'Cleveland',4.0,4,16.0
b'dAn1MqXl4pghfeXx3XFRaQ',1,7,b'Cleveland',2.5,2,5.0
b'_QySOnv3RBmL7GrbJ6beSw',0,19,b'Cleveland',4.5,3,13.5
b'KvAPV3E0RsV4rfQ-gN1TUw',1,3,b'Cleveland',2.5,1,2.5
b'fireL6HjsBqOrj5PMuCZVw',1,10,b'Cleveland',2.5,2,5.0
b'q7qqx3odlp7Pbjo96l-1RA',1,4,b'Cleveland',4.0,1,4.0
b'rxaxR6lJTYKabKCEN_oa9g',1,4,b'Cleveland',5.0,1,5.0
b'Ap0dtO-8P_eg9uAepZyj0A',1,9,b'Cleveland',1.5,2,3.0
b'2TVZb3GdY6XvX88jbOofIg',0,11,b'Cleveland',3.0,2,6.0
b'nqiTujxNtEpA8dPATEQRrg',1,113,b'Cleveland',3.0,4,12.0
b'3dMAswAQk0ehFvuE8V8RDA',0,42,b'Cleveland',4.0,3,12.0
b'lw3E5vaRVO87KEbDNhyfjQ',1,7,b'Cleveland',2.5,2,5.0
b'ZzGaVbyam1AhZFW928-95A',1,4,b'Cleveland',2.5,1,2.5
b'T0V6pK7kJWTrTiB788ED6g',1,3,b'Cleveland',3.5,1,3.5
b'2JeciNHrJE_tI-o2tUCu5w',1,129,b'Cleveland',4.0,4,16.0
b'kH8BdX2FEdREBXfeDsgjYw',0,39,b'Cleveland',4.0,3,12.0
b'hlhXDG5GfUUWLduFbbAXzg',1,10,b'Cleveland',2.0,2,4.0
b'-DU8jf5nA1_yaOqsKsLqmw',1,9,b'Cleveland',4.0,2,8.0
b'tef87haIHYdgG5GYMlQ6iQ',1,10,b'Cleveland',2.0,2,4.0
b'KRM-JflDiqIpJUToNQc7pw',1,19,b'Cleveland',4.0,3,12.0
b'-Mm4YqCDM5CqSDDh7HI6Zw',1,26,b'Cleveland',4.0,3,12.0
b'e68xTl12ry5-RMEvWulUoA',0,14,b'Cleveland',4.0,2,8.0
b'd9sv7fexFJiChG9Xl0SP-A',1,27,b'Cleveland',2.5,3,7.5
b'Q373Y-siDCSP63rU_F3qMw',1,11,b'Cleveland',4.5,2,9.0
b'RiGtSzVzc42CKjyZkDxZRA',1,385,b'Cleveland',4.0,4,16.0
b'S9OtMCsgr-xzjXrhpqbJQA',0,17,b'Cleveland',2.5,2,5.0
b'Ni26IoQqRCy9iVeNV4vNFg',1,43,b'Cleveland',4.0,3,12.0
b'2_l1ufFOkdjem7YyQgfWpA',0,5,b'Cleveland',4.0,1,4.0
b'fY2LdUf03wdqLcrsA9xp9g',1,22,b'Cleveland',4.0,3,12.0
b'7cQaxDXTxNu_SywNDsTS5w',1,7,b'Cleveland',2.0,2,4.0
b'Kxlt3ZNmTzbxRFYelWAmKA',1,10,b'Cleveland',3.0,2,6.0
b'aOvEr1tluvkmwZjpzfxBAg',1,20,b'Cleveland',4.5,3,13.5
b'E60s6EXdPhet5FKJfA_YVQ',1,41,b'Cleveland',4.0,3,12.0
b'XLA5RQ-Afg-OgeLhSTjabQ',1,22,b'Cleveland',4.5,3,13.5
b'd84SeduMbotS3WIJwn4oUQ',1,7,b'Cleveland',3.5,2,7.0
b'VH2BjFjc9usDquDgoHhptA',1,329,b'Cleveland',4.0,4,16.0
b'3vZ8ECJuiEZIuDv7OQ2NHw',0,5,b'Cleveland',2.0,1,2.0
b'-dFfucHmOtgDmDneps-mgA',1,181,b'Cleveland',3.5,4,14.0
b'T-_xEyoDPAKV-I6iQlbKWA',1,19,b'Cleveland',1.5,3,4.5
b'YVkcZQEfH0qQRtN86CoSDQ',1,75,b'Cleveland',4.5,4,18.0
b'QjZFYd5hme7EHegpuJngMQ',0,43,b'Cleveland',3.5,3,10.5
b'nZnebnuZDiBJxEMDxcDF-w',1,62,b'Cleveland',2.5,4,10.0
b'gWgWn4lkRQZwfCP-LBJ2xA',1,3,b'Cleveland',4.0,1,4.0
b'dtszGNoYeZnUC2c1o04UZg',1,33,b'Cleveland',3.0,3,9.0
b'9gXWjHAhDpzy1x6khHehrw',0,137,b'Cleveland',4.0,4,16.0
b'OcXcAVjHoX0tTuzT5A8oww',1,3,b'Cleveland',5.0,1,5.0
b'KhtmCNHqCH6cnxirsenndA',0,15,b'Cleveland',3.5,2,7.0
b'BMXeJPcosAxfLU-6baO_0Q',1,23,b'Cleveland',2.5,3,7.5
b'3_STYcEwVsieJPo0GWjxLw',1,15,b'Cleveland',3.5,2,7.0
b'QKhAME4uxgrOn-Aq3OURUQ',1,142,b'Cleveland',3.0,4,12.0
b'iyeanZgAkpCSL4eHoqdhnw',1,130,b'Cleveland',3.0,4,12.0
b'xqVeSoyuWsKhQpWZjwiYSA',0,3,b'Cleveland',3.0,1,3.0
b'blU2m56zkJc0SucLnbc4vw',0,20,b'Cleveland',3.5,3,10.5
b'P0ytQBoqSbMG9S7Hx-PAdw',1,64,b'Cleveland',4.5,4,18.0
b'CxIIq9axHO89F3Y8l3WwHg',1,8,b'Cleveland',4.0,2,8.0
b'akCp7BceIrkkeOV5ndI_bQ',1,15,b'Cleveland',3.5,2,7.0
b'YI-79PxZcX6X009ynWRLoQ',0,27,b'Cleveland',2.5,3,7.5
b'BDgfcq9xGZFtePH0YyV9ZA',0,11,b'Cleveland',3.5,2,7.0
b'ZedwJdX1jQ7Hw1CzU3VDLw',1,39,b'Cleveland',3.5,3,10.5
b'OERShuAgSxyjmXJ8IwT2zA',1,7,b'Cleveland',3.5,2,7.0
b'Aw4HH_bjUL8L_EU61mgQHg',1,33,b'Cleveland',3.5,3,10.5
b'JmbB4lyrRHgShkMd_8AuVw',0,3,b'Cleveland',2.5,1,2.5
b'XppfCknY2p3xhEgrelEqzg',1,3,b'Cleveland',2.5,1,2.5
b'IV91JX6cxGw3SvOi5YoKBw',1,4,b'Cleveland',1.5,1,1.5
b'UBPIy6u20H6JQQZjNNvbXw',0,3,b'Cleveland',3.0,1,3.0
b'Zm_0BnYXdeNUBcYFerXVYQ',1,4,b'Cleveland',4.0,1,4.0
b'zRVIGRRZEw3jna2QJwLjpA',0,3,b'Cleveland',3.0,1,3.0
b'MmHg20VupqMSQXL0jLNFmg',0,21,b'Cleveland',3.5,3,10.5
b'RGq0qjn2ifmnRWTJ8bfOPw',0,99,b'Cleveland',3.5,4,14.0
b'vBZ0cwtWKUN4t6sFCpSFCw',0,50,b'Cleveland',3.5,4,14.0
b'XYQx_ADdAYwfUEgN7eGmQA',0,29,b'Cleveland',3.5,3,10.5
b'u-H6djIQKi73jNtFaoSuGA',1,3,b'Cleveland',2.5,1,2.5
b'evNdyHPR1B8E1aIoUAsGrQ',1,63,b'Cleveland',1.5,4,6.0
b'aaWhSHpsE285eaSTzDxAMA',1,74,b'Cleveland',3.5,4,14.0
b'VyqC3N2iBtR6PczQGafe5w',1,20,b'Cleveland',3.0,3,9.0
b'PXJH9H6fJslcNYHnVTgFCQ',1,15,b'Cleveland',3.0,2,6.0
b'fKJK8Wrfhq9n6qNqWZ6J0Q',1,8,b'Cleveland',2.0,2,4.0
b'qF-NiRVw5OPD_MPUJNlt9g',1,3,b'Cleveland',3.5,1,3.5
b'PIDtIPKa4Fmd6eMEi7B2jA',1,7,b'Cleveland',2.5,2,5.0
b'ZeN8xHEhsPS-amDyZSYJ9w',1,29,b'Cleveland',4.0,3,12.0
b'L94TmVg3KpFn9br5LlD56g',1,4,b'Cleveland',3.0,1,3.0
b'ZLPAP1YKL56ODigLn4wd3w',0,105,b'Cleveland',4.0,4,16.0
b'kHyBKPnqnTiWKBCH9jajGw',1,3,b'Cleveland',4.0,1,4.0
b'ZvU3diVRI7LUG6YcwmIKjg',1,14,b'Cleveland',3.5,2,7.0
b'H1j34TgbrVZkxeww9xlJTw',1,145,b'Cleveland',4.0,4,16.0
b'lZTiB75nCqHc8Q4vGZdmoA',1,77,b'Cleveland',4.0,4,16.0
b'wgXwKEK9MeJruxx7-w178Q',1,8,b'Cleveland',4.0,2,8.0
b'P3LC20iTwxv7CicqgNUXzA',1,16,b'Cleveland',3.0,2,6.0
b'hh6OnxhTmfoyLo4prSNwBQ',1,9,b'Cleveland',3.0,2,6.0
b'oK_uwtOectm906rpUtHiug',1,10,b'Cleveland',2.0,2,4.0
b'Kr4HUtvJ8zRjCqbCJRSSSQ',0,43,b'Cleveland',4.5,3,13.5
b'qSVCYsz1sv1b3W4z4WDTsQ',0,20,b'Cleveland',3.0,3,9.0
b'Hew_aO1WsHAlRpaxXcbgqw',1,31,b'Cleveland',2.0,3,6.0
b'oTTBpDELlpgMah1o0OIbvA',1,8,b'Cleveland',4.0,2,8.0
b'F2MJ61d9jDOiY9-Naa8I7Q',1,8,b'Cleveland',4.0,2,8.0
b'iVvK78ETaEnIZwnDZQV8Qw',1,18,b'Cleveland',4.5,3,13.5
b'EP1do6l8hLyIGEru0gN3EQ',1,236,b'Cleveland',4.0,4,16.0
b'eQPmRBwVHCX3mx5ld03OFA',1,11,b'Cleveland',5.0,2,10.0
b'klrE4AGf42dXFU2g98TSpg',1,3,b'Cleveland',3.5,1,3.5
b'lr24BCFNXmnFsIXk4utUjQ',1,15,b'Cleveland',4.0,2,8.0
b'x8dRsP9mpI2FD6vazC990A',0,20,b'Cleveland',4.5,3,13.5
b'MTQot6uazWb2SV3WABa20Q',0,44,b'Cleveland',3.0,3,9.0
b'ZspvlO5Dvtd517YhVLJJ_A',1,153,b'Cleveland',3.0,4,12.0
b'v4PsaviYCaSaFIejGszMvg',1,26,b'Cleveland',4.5,3,13.5
b'F-RyIw_kNi4a6TCt281j0A',1,25,b'Cleveland',4.5,3,13.5
b'hTSIT3puu8m8-kOZYS4Zdg',1,183,b'Cleveland',3.5,4,14.0
b'1ForN8iXqYZ_dZZcOkvVeA',0,36,b'Cleveland',3.5,3,10.5
b'CIUI73p0D9TSCUvNznn_Eg',1,28,b'Cleveland',3.0,3,9.0
b'km0bFbcjmggC-TfALhc75Q',0,29,b'Cleveland',4.5,3,13.5
b'vuC03KldDXReH8VTqRK03g',1,6,b'Cleveland',3.5,1,3.5
b'B6nhGEqt6rzXw6TwltTspA',1,76,b'Cleveland',3.5,4,14.0
b'jjBTBObnHrY87qQIMybjzQ',1,24,b'Cleveland',3.5,3,10.5
b'ugGMhvYnjheG3rHKxK2-gQ',1,35,b'Cleveland',4.0,3,12.0
b'zYbEKtLeosxhTzF4zSRIyA',1,19,b'Cleveland',3.0,3,9.0
b'pGjtxXBq4tZcdKdgTU-Tww',1,44,b'Cleveland',4.5,3,13.5
b'HNv5U4CnJIY5CiwdedVrHQ',1,117,b'Cleveland',3.5,4,14.0
b'wOKcWLyN1DhSEl3Y1eG5nQ',1,364,b'Cleveland',4.0,4,16.0
b'Vz6JVuA6guXVBIMJF-2g3g',1,3,b'Cleveland',1.0,1,1.0
b'LWk7Q5CTjpK-k_TfXdbApQ',1,146,b'Cleveland',3.5,4,14.0
b'4t6z1AT8qBfwaBm13d1GMA',1,53,b'Cleveland',4.0,4,16.0
b'xFl6krZlEO5vrX5LzsCsGQ',0,12,b'Cleveland',3.5,2,7.0
b'mlqdbe7cC5xgg0KSSPyasA',1,6,b'Cleveland',4.0,1,4.0
b'M4RwZL5bTBTwwbVcoaDbtw',1,69,b'Cleveland',4.5,4,18.0
b'8B6HoeMy-xCeOarkMANdZA',1,17,b'Cleveland',5.0,2,10.0
b'E_tvJL3lfmCTWAcq2js8Kw',1,20,b'Cleveland',2.5,3,7.5
b'0KufZ-0fcNdHmLGgk62ZMQ',0,5,b'Cleveland',5.0,1,5.0
b'Pawavw9U8rjxWVPU-RB7LA',1,24,b'Cleveland',4.0,3,12.0
b'i40pCeg6QG5CsAvP0Vp0Xg',0,18,b'Cleveland',3.0,3,9.0
b'9_0FtoabuC42T7AWDk5_sA',1,126,b'Cleveland',4.0,4,16.0
b'-jehSax3LB7Jm4fzaWtegg',1,7,b'Cleveland',4.0,2,8.0
b'29TiCPFXWtmg4kjZSZIvFg',1,9,b'Cleveland',4.0,2,8.0
b'_Rw3EkxvI_tJIVbnT5jT2A',1,46,b'Cleveland',4.0,3,12.0
b'B2lr7sQv1NDujuD37tTBNw',1,24,b'Cleveland',4.0,3,12.0
b'u1qzJu0JwbKU-HjIFjq8kw',1,72,b'Cleveland',4.0,4,16.0
b'4xnurYLQHpLgsVcWB2fEkA',0,13,b'Cleveland',3.0,2,6.0
b'GAxUBjzhiyPZl4Atk30MCQ',0,13,b'Cleveland',3.5,2,7.0
b'aiU0FRtHTIHBWMYapw79LA',0,90,b'Cleveland',3.0,4,12.0
b'4juuUn_vuJLP4MMFJetXfw',0,3,b'Cleveland',4.0,1,4.0
b'a58P2BPCCbQgDMbEoLfWzg',1,100,b'Cleveland',3.5,4,14.0
b'jEoBsvxQ-_CYJLVlZ1vuKA',1,5,b'Cleveland',3.5,1,3.5
b'v8k8aVrVzWoG54U_OkMGOw',1,5,b'Cleveland',3.0,1,3.0
b'fQP_jXrSoVKty5zxV3_Z6g',1,41,b'Cleveland',3.0,3,9.0
b'CDqPVVvQtVncNQGydnZy7A',1,125,b'Cleveland',4.0,4,16.0
b'F0TQeC2VGQDZbYjtrL3QTQ',1,17,b'Cleveland',4.0,2,8.0
b'G5rqI8RjYa5Jkoo1lYbdPw',1,3,b'Cleveland',3.0,1,3.0
b'E50mr3xobsahb77IBRwVTQ',1,80,b'Cleveland',3.0,4,12.0
b'9JUynLfWPwe1X9gsJS6FTA',1,213,b'Cleveland',3.5,4,14.0
b'QjEob2WSROiBPVjh0-BfxQ',1,24,b'Cleveland',4.0,3,12.0
b'2RmL-l7oQQOKNshFMoKl4w',1,27,b'Cleveland',4.0,3,12.0
b'ObelBwE40B5oYm2aA8yTjw',1,129,b'Cleveland',4.0,4,16.0
b'rnvKg9DtsAIHWU4eywsqmA',1,27,b'Cleveland',5.0,3,15.0
b'Gbo1RSbSjl0Mj_ekV0MS4w',0,6,b'Cleveland',3.0,1,3.0
b'ZcbGfZ0GYjvJp9xi5uE9KA',1,53,b'Cleveland',4.5,4,18.0
b'ZNB91myFoOYgyXoG5LQeGQ',0,21,b'Cleveland',2.0,3,6.0
b'UXl_Grxsus1o0w3NKxYn4g',0,6,b'Cleveland',4.5,1,4.5
b'DDzUKZj7EU4mLNbRWwMoFw',1,23,b'Cleveland',3.5,3,10.5
b'Vc8sXKEdO9yVxbRlwBFHKQ',0,17,b'Cleveland',2.5,2,5.0
b'Qeie5-8-S_hLPk7_ujpajw',1,202,b'Cleveland',3.5,4,14.0
b'CbsS6VvPsIvpytUbLAu71Q',1,37,b'Cleveland',3.0,3,9.0
b'3XCW8Z56FFcHyEDa4nLHEw',0,3,b'Cleveland',3.5,1,3.5
b'GtxwFRoQTitTa6u3oVgS0g',1,7,b'Cleveland',4.5,2,9.0
b'xVWLSFGNr4w4DYvYiafMPw',1,8,b'Cleveland',4.0,2,8.0
b'JdqSgTOP98XScttH-25nVA',0,4,b'Cleveland',2.5,1,2.5
b'fM-29EyHcLXBrYyzNKNRvg',0,3,b'Cleveland',4.5,1,4.5
b'ijY4C4ut4M9xg3QvK2R2pg',1,246,b'Cleveland',3.5,4,14.0
b'AFL43sQNnLsEhw-jspA2xA',1,6,b'Cleveland',1.5,1,1.5
b'tIby_wfzpZ5QH02IWFNogg',1,33,b'Cleveland',3.5,3,10.5
b'guRFpV67mavRHcloCAR-ZA',0,3,b'Cleveland',4.0,1,4.0
b'tQ-BmlXNhaykObSzU6xujA',0,7,b'Cleveland',4.5,2,9.0
b'nIJr76IGIGS3nkmieY3Vow',1,160,b'Cleveland',3.5,4,14.0
b'2hJNAFFy2qOqmIIKFjcw9w',1,7,b'Cleveland',3.5,2,7.0
b'n_UlhRNcv9dm04NbUNBrFQ',1,63,b'Cleveland',3.0,4,12.0
b'7qM5o9edXqf0Qo54Y4ABEQ',0,3,b'Cleveland',1.5,1,1.5
b'C7dj06ZUM-5P-_DMLckcVA',0,43,b'Cleveland',4.0,3,12.0
b'WvGHNuPHebXae2sDbDjuhA',1,3,b'Cleveland',4.5,1,4.5
b'Q9FlD64hm1OT5GF1tAsbPw',0,3,b'Cleveland',2.5,1,2.5
b'BLfCMa2yWNo70D3wwAxwow',0,85,b'Cleveland',4.0,4,16.0
b'qZZ8VU1Bk-xCruEAZNwm6A',1,57,b'Cleveland',4.0,4,16.0
b'dWShECwk4R1cQhzOzJXtIQ',1,38,b'Cleveland',4.0,3,12.0
b'tXJkGjBkGOZHWAcCmlzS6w',1,43,b'Cleveland',4.0,3,12.0
b'loXkZgAd70KMjP8ISCnZPQ',1,15,b'Cleveland',4.5,2,9.0
b'PuY09XUxfQhURBhaQNJuqw',1,6,b'Cleveland',2.5,1,2.5
b'tvUGZRnbtgjwZimkiq3eGA',1,3,b'Cleveland',2.0,1,2.0
b'dN2y_stPXdw1u0io64fc0w',1,10,b'Cleveland',3.0,2,6.0
b'jAjJ0ESnlDzIk7-KJPQKyQ',1,32,b'Cleveland',4.0,3,12.0
b't2O4Qx74U_IfBzDHJzvUCA',1,380,b'Cleveland',4.0,4,16.0
b'DBGf3gaJ30ObzQ5fo1SSLg',0,36,b'Cleveland',3.5,3,10.5
b'qeJ8OUASkd0KQ1oEN3P--w',0,10,b'Cleveland',4.0,2,8.0
b'_rFhH-eSg6heHC9m0t-cBg',1,21,b'Cleveland',4.0,3,12.0
b'KJuWKVel8fO37UTtXkpZ_w',1,28,b'Cleveland',3.5,3,10.5
b'a1uoERTwwlf6yTAWaSUakA',0,12,b'Cleveland',3.0,2,6.0
b'PNdjgI6mZYXKCTBKiVQMRg',1,5,b'Cleveland',2.0,1,2.0
b'1KRnx1P4gYlkpmezGTERaA',1,103,b'Cleveland',3.5,4,14.0
b'binymvD2QxETihoAmHOMSQ',1,46,b'Cleveland',3.0,3,9.0
b'TWrjQ4Ulr6NSwiGOaGzFrQ',0,4,b'Cleveland',3.5,1,3.5
b'ugPCIr4fZXtuHbC6xNctaA',1,13,b'Cleveland',4.0,2,8.0
b'dOIUk3wm8LU8-FUpCKa1eg',1,41,b'Cleveland',3.5,3,10.5
b'qp0UKeN7QkMPPZnx_vnOmg',1,10,b'Cleveland',4.5,2,9.0
b'SGZAsdQAp0SjtMDjXWBPYw',1,138,b'Cleveland',4.0,4,16.0
b'7toYPf5ZAjCkEuwaMPtDwQ',1,40,b'Cleveland',3.5,3,10.5
b'1FK7hoiPMPEPG0bRL4bi9Q',0,6,b'Cleveland',4.5,1,4.5
b'aPhxmyXOBKtxdv47EYkcHQ',1,4,b'Cleveland',3.0,1,3.0
b'y8KBzM9iE9v8q0FeAPn0yQ',1,5,b'Cleveland',3.0,1,3.0
b'hrvjRWqHOkPa9jBPpX1B8A',1,60,b'Cleveland',4.0,4,16.0
b'pbS64IjuuRxr23uNPQwaHw',0,3,b'Cleveland',2.5,1,2.5
b'3z6gQVDbWuykm-a8R1YyJg',1,18,b'Cleveland',3.5,3,10.5
b'DcdHd6FxqozvZhKdJ6e-vA',0,4,b'Cleveland',2.0,1,2.0
b'bJtlSfdr8KPCSsOr9PvGjw',1,15,b'Cleveland',4.5,2,9.0
b'0S4mVrhhSfTsKRtBF_W_BQ',1,14,b'Cleveland',3.5,2,7.0
b'GQRql4WEd_tdMXJDzb7WIA',1,155,b'Cleveland',4.0,4,16.0
b'EJGv2la6CcZmEIpkE4hzyg',1,3,b'Cleveland',4.5,1,4.5
b'QOmR4Z53kNbiDWRrVdN7ZA',0,3,b'Cleveland',3.5,1,3.5
b'W97YBvhkOOel-HkBBfQbYw',1,31,b'Cleveland',3.5,3,10.5
b'zCyyPH-7DIvv0XgnW_7Fwg',1,4,b'Cleveland',4.5,1,4.5
b'GEkDYesNiLzMA4Ib0velBg',1,18,b'Cleveland',3.5,3,10.5
b'Jbl6p9CVkfCB8fWYFd2-Qw',1,62,b'Cleveland',3.5,4,14.0
b'OKYp_AwhXfqL_0Pgw1WB9Q',1,385,b'Cleveland',4.0,4,16.0
b'ntds2JP29DPYp765oFqptw',1,45,b'Cleveland',3.5,3,10.5
b'zKaeae3yRGgb21Os-v6eOA',1,13,b'Cleveland',2.5,2,5.0
b'Rcx0AQSEmqiuRDE_FUMUGQ',1,19,b'Cleveland',2.5,3,7.5
b'-V-fpvR47iZJ5jq8Eit7ng',1,49,b'Cleveland',4.5,4,18.0
b'Yyag9ZHs0hZ7UIGFC04Vqw',1,46,b'Cleveland',4.0,3,12.0
b'w1rHHt72BON3K_C4caDDXw',1,45,b'Cleveland',4.5,3,13.5
b'9tqtjCPLBs_WSC7T9p6ruQ',1,5,b'Cleveland',4.5,1,4.5
b'29Qe90Oep3S1nc0iIOFckg',1,7,b'Cleveland',2.5,2,5.0
b'G_CW38j3t6VOZiiYtJQvng',1,41,b'Cleveland',4.5,3,13.5
b'Xm0BdTIRqtTIgacx_JjICA',1,42,b'Cleveland',4.0,3,12.0
b'YNUzS_mEKaEAKGyUqjqZtw',1,5,b'Cleveland',4.5,1,4.5
b'dhrv6GXy5otbzabXMXbOLg',0,6,b'Cleveland',3.5,1,3.5
b'pM5OiwjOih7twp4mP0Rmhw',1,78,b'Cleveland',4.0,4,16.0
b'_yKeTKNvXaBduAkRIS84Aw',0,35,b'Cleveland',4.0,3,12.0
b'nlrUUtIO0s0a6umCE55prA',1,10,b'Cleveland',4.0,2,8.0
b'tCVma1LcSnLWBRqJoTom5g',1,28,b'Cleveland',4.0,3,12.0
b'W07TY9cx2ZpDQyAn0ynMQg',1,169,b'Cleveland',3.0,4,12.0
b'WpOMfnH8hvUOENVNn9xMsQ',0,28,b'Cleveland',3.5,3,10.5
b'G6FARrnzBdWawIe_S2IFOA',1,6,b'Cleveland',3.0,1,3.0
b'ZPAkg2phFo_p3U-QjvHVPw',1,234,b'Cleveland',3.5,4,14.0
b'1u4EvujoBP37oEL4SGLpgA',1,99,b'Cleveland',4.0,4,16.0
b'THc8RsAa8_ohIR21NCnLog',1,20,b'Cleveland',3.5,3,10.5
b'ZWq8Fq13JPDAqt7rPjSwcQ',1,34,b'Cleveland',3.5,3,10.5
b'pWyhmTVRNw6hix3J__SqvQ',1,112,b'Cleveland',4.0,4,16.0
b'_5inlOVvlrCOKcI772RqJQ',1,87,b'Cleveland',2.0,4,8.0
b'mXaqyzYTqiTc-LrTFAm0Yw',1,41,b'Cleveland',5.0,3,15.0
b'OZhRvcJ8WjnvRaRQVirD6w',1,9,b'Cleveland',3.0,2,6.0
b'Dm9p-2DX-3ID90_DsLHauQ',0,25,b'Cleveland',4.0,3,12.0
b'UOOqfmHLIok1l3q3l32YCQ',1,8,b'Cleveland',3.0,2,6.0
b'ldoNHXUnh62ZhHwbr7EBqA',1,28,b'Cleveland',4.0,3,12.0
b'k-XN0KuOWPU5xZlfXOVSlA',1,154,b'Cleveland',3.5,4,14.0
b'9cyYy7cbboWsth_4yd7XDw',0,3,b'Cleveland',3.5,1,3.5
b'7kjQBf9FvS-wUXawx965QQ',1,12,b'Cleveland',3.0,2,6.0
b'yBHltbm3DqNaKgBgTMpxsA',1,20,b'Cleveland',4.0,3,12.0
b'3-PNVMyFBJEDAGghumsY5Q',0,23,b'Cleveland',3.0,3,9.0
b'vaOeSb5w8uCZFhyrU8VfJQ',1,3,b'Cleveland',2.5,1,2.5
b'7xfeQhen2wLnvFuQNvmTAg',1,131,b'Cleveland',4.0,4,16.0
b'fId--RMAhHZcJagMSD-aUw',0,86,b'Cleveland',3.5,4,14.0
b'zCs-HD0bS2RUZG9lbotPtA',1,3,b'Cleveland',2.5,1,2.5
b'p5uB6cp17euTJSG6AV3f4Q',1,9,b'Cleveland',4.5,2,9.0
b'J-c9f_geQDMcNiZSjJDDYw',0,48,b'Cleveland',4.0,3,12.0
b'X2WmQQFWLloDLXkoyqHKnA',1,7,b'Cleveland',3.0,2,6.0
b'G0F3kmnES1i8a9Vp78ct7w',0,6,b'Cleveland',3.5,1,3.5
b'PNMsWRyh4X1xfPil5vhywA',1,88,b'Cleveland',4.0,4,16.0
b'ZLanOvPw7BscWDo0yC8Ncg',1,64,b'Cleveland',4.5,4,18.0
b'p8JB_gaDUuJFwypSZOSYMg',0,11,b'Cleveland',3.0,2,6.0
b'dN0GBmRHgxFPCWtejNkKbw',0,15,b'Cleveland',4.0,2,8.0
b'hkYRgPoWUQXJ8iHXSqvFZA',1,7,b'Cleveland',3.5,2,7.0
b'g0MQNtwxfUBisDA7hMuLEA',0,31,b'Cleveland',3.5,3,10.5
b'WAzIjBcsRIY7HKhTMxVeow',0,32,b'Cleveland',3.0,3,9.0
b'SkdgjduPd1W1jzJBnJWRXQ',1,3,b'Cleveland',1.0,1,1.0
b'_doekI31rRF3iLOZhbzVeg',1,9,b'Cleveland',4.0,2,8.0
b'CpC1vapLlvPSCPCE_wtVgA',0,3,b'Cleveland',4.5,1,4.5
b'6J2yA7KwX9aU5lP5OneWfg',0,5,b'Cleveland',4.0,1,4.0
b'Zv2ZxnAZLswC3IXyiHhYeA',1,8,b'Cleveland',4.5,2,9.0
b'umYIc-FJg-3tsqoVaM-Mnw',1,107,b'Cleveland',5.0,4,20.0
b's7SaLKwhfRXZqYY6NClLew',1,24,b'Cleveland',4.0,3,12.0
b'oxeW1tSB-e_oIzCQZtqyTw',0,467,b'Cleveland',3.0,4,12.0
b'4V2KN03EJMzaoOmLOy5UhQ',1,112,b'Cleveland',3.0,4,12.0
b'54kfE6vauORUVUifLagkXQ',1,54,b'Cleveland',4.0,4,16.0
b'C68LYoOSiitXTczAFXjdiQ',0,23,b'Cleveland',4.5,3,13.5
b'n5S6BuEvl96RgCTafnYkvg',0,4,b'Cleveland',2.0,1,2.0
b'hWgMbRQKIBrAw18-I0KJQQ',1,5,b'Cleveland',4.0,1,4.0
b'4HVGgGI5rKvUJcaIV7ub7Q',1,24,b'Cleveland',3.5,3,10.5
b'RQlC4Tgc7Gk_tmxxY7oF6A',0,29,b'Cleveland',3.0,3,9.0
b'cd3ZlHmdNI4XlxGQBwPjvA',1,46,b'Cleveland',3.5,3,10.5
b'BX-JlaAowcQ5FpPsS4d9rg',1,12,b'Cleveland',1.5,2,3.0
b'628tNYMR-o_e7SGjatZ8kw',1,6,b'Cleveland',2.5,1,2.5
b'w-ch2_73sYc68VJrWAQL3g',0,79,b'Cleveland',4.0,4,16.0
b'G1Vl_TGAjKKFtVJhM0-uxw',0,3,b'Cleveland',3.5,1,3.5
b'bupMXFUaZfranBLdaVcRww',1,228,b'Cleveland',4.0,4,16.0
b'yqIVlkpQF_IdhVk1yTiIjw',1,48,b'Cleveland',2.5,3,7.5
b'cXyUYLY2xi4HpqZqjCQmfQ',0,24,b'Cleveland',2.0,3,6.0
b'F7tBX4pRGhWxAXr4Ld7dzQ',0,4,b'Cleveland',5.0,1,5.0
b'h0eR5-U7hWtkKeYbqJIqPA',0,7,b'Cleveland',4.5,2,9.0
b'E620tPFKKAVOi7EjF1nJHA',1,8,b'Cleveland',4.0,2,8.0
b'S1zlGFu9fi5-QmVpGqsKsA',1,72,b'Cleveland',3.5,4,14.0
b'fuPhVyvwoMFNRqM4O1CkeQ',1,47,b'Cleveland',4.5,3,13.5
b'lHLNQnEHwCJ_CROCfCxEzw',1,48,b'Cleveland',4.0,3,12.0
b'm3DVIvPsuLuA9OMSgWNLcQ',1,49,b'Cleveland',4.0,4,16.0
b'SzcCJJmreMlWCsNjupdVAA',1,546,b'Cleveland',4.5,4,18.0
b'tB0zkiCxLjJwEPCRmwlVrA',1,28,b'Cleveland',2.0,3,6.0
b'Gs_jpJB5f3a1jCQjV7QHQA',1,25,b'Cleveland',4.5,3,13.5
b'IPF4KcnNTuITlyiaSooD4w',1,30,b'Cleveland',3.5,3,10.5
b'COuznKd_gb_N8hlOy3_i9w',0,26,b'Cleveland',3.0,3,9.0
b'CZjWBiv0U0UFELpJ-UDUfg',0,25,b'Cleveland',2.5,3,7.5
b'7MZArBbssmSOt-IPpR8YWw',1,14,b'Cleveland',4.5,2,9.0
b'Gj8ANgQ6FcWdhrpEwUsxqQ',0,4,b'Cleveland',2.5,1,2.5
b'-F0B5F1YLx7093otwgboxw',1,40,b'Cleveland',4.0,3,12.0
b'nbFAn60OmDt9reIRk8vilA',1,10,b'Cleveland',4.0,2,8.0
b'dyiNt5ZTQQsLpX3Vt-hWng',0,13,b'Cleveland',3.0,2,6.0
b'Md6NWl54ny8hA-NVaYZuew',1,157,b'Cleveland',3.5,4,14.0
b'g5XW5RiVhykjleeRrWlJ2g',1,57,b'Cleveland',4.0,4,16.0
b'tLpkSwdtqqoXwU0JAGnApw',1,3,b'Cleveland',3.5,1,3.5
b'i0ld5nTFMyGRlH1EZJNhvw',0,3,b'Cleveland',3.5,1,3.5
b'bFTrpstGo0INBIVMDumMKA',1,6,b'Cleveland',4.5,1,4.5
b'uziDWXfTvCYlbQYrJT0iAQ',1,34,b'Cleveland',4.0,3,12.0
b'soQEl35sQuARBOlH1Y6MaQ',1,18,b'Cleveland',3.0,3,9.0
b'WG3zvUktE1l3llwq3PPVVg',1,105,b'Cleveland',4.5,4,18.0
b'QeEYzgBVTVO8IGqGCfPg8A',1,12,b'Cleveland',3.5,2,7.0
b'Pj0rFqv0EcdNdlpnRvLZBg',1,17,b'Cleveland',4.0,2,8.0
b'riXr33UJRQXVMKJcNZPqqw',1,10,b'Cleveland',2.0,2,4.0
b'htllg7z_3firi_F2NLksWw',1,3,b'Cleveland',5.0,1,5.0
b'EVfJbLXSMZOF8K3vFOaLOw',1,38,b'Cleveland',3.0,3,9.0
b'ZSnAyj829ZcaGGxs-6sArA',0,3,b'Cleveland',2.0,1,2.0
b'4Ro6AiYhiinh6hly2Pbdfw',0,4,b'Cleveland',4.0,1,4.0
b'DG2bc26AWHUaPedrcQUNqg',1,14,b'Cleveland',3.5,2,7.0
b'Wr5uWHSXeqCHVIaAuEKFHA',1,3,b'Cleveland',4.5,1,4.5
b'xqxRWwtyvXCWZvVUM0tepg',1,8,b'Cleveland',4.0,2,8.0
b'4gO38_nlrPCHqEcs_6-AAg',0,25,b'Cleveland',2.5,3,7.5
b'4j6NUmLWCvYEcf31BdlQ1w',1,3,b'Cleveland',2.5,1,2.5
b'mtpeEJ4mhs3DUninFgEE0Q',0,5,b'Cleveland',3.0,1,3.0
b'ZRLmQ3oAuspAkk5R6BOfyg',1,178,b'Cleveland',4.0,4,16.0
b'7sz9Rw1dbIEfLy-L9qB3Tw',1,35,b'Cleveland',3.5,3,10.5
b'ZJWKb-ooSCPUjZLeWD-p_A',1,40,b'Cleveland',3.5,3,10.5
b'tulUhFYMvBkYHsjmn30A9w',1,162,b'Cleveland',3.0,4,12.0
b't9zdTrf38kkE7XTmkrsMyQ',0,15,b'Cleveland',4.0,2,8.0
b'TsNYXmSJYjIq1WN8EfP0Aw',1,10,b'Cleveland',1.5,2,3.0
b'nkTKlVAdh7DhFJMFvQiAXQ',1,45,b'Cleveland',4.0,3,12.0
b'xMdOtKnwd-hW6BkU-7LYyg',1,7,b'Cleveland',4.5,2,9.0
b'IjyNFVZPLVej9de31KGTxA',1,10,b'Cleveland',4.5,2,9.0
b'OCxl56kc8QcxxA-uLxNfIw',1,59,b'Cleveland',4.0,4,16.0
b'GYD-zJZnqrMWR8u2ML06Vg',1,17,b'Cleveland',3.5,2,7.0
b'KOMknt4PUJcxvY98cQON1w',1,3,b'Cleveland',2.0,1,2.0
b'KXqOT3vyx8Ao7com4yST-g',1,26,b'Cleveland',2.5,3,7.5
b'jTverXPOjbLCWEhGYtBd7Q',0,5,b'Cleveland',5.0,1,5.0
b'gDZm9f38d5Liuvcd75_FZg',0,5,b'Cleveland',2.5,1,2.5
b'OFZ9eDzzFsLPbqxMY50jFw',0,3,b'Cleveland',3.5,1,3.5
b'0LAjD6m5LjiSbiajp2SR4Q',0,34,b'Cleveland',4.5,3,13.5
b'A9ba0gRgqCQO2rn2_BtWqA',0,4,b'Cleveland',3.5,1,3.5
b'p6Rf2hsyF1eYVJk9ag3W2A',1,173,b'Cleveland',4.5,4,18.0
b'7tiobQOY3WLYYJl4uMEfrQ',1,30,b'Cleveland',2.5,3,7.5
b'7oS4RyfwnQ3n9fARzjsNNg',0,15,b'Cleveland',2.5,2,5.0
b'JCdEeoMxmY-kBgIrjbvwRw',0,43,b'Cleveland',3.5,3,10.5
b'hSU3MbB9Yu8MlybxfmABeg',1,133,b'Cleveland',4.0,4,16.0
b'nMscHTw8QDyXjT5iteO9aA',1,55,b'Cleveland',4.5,4,18.0
b'fzRUt2RPxNRSVY-XCIGttQ',1,6,b'Cleveland',3.5,1,3.5
b'SoCjdgcYyj05tSPWz6MUXg',1,114,b'Cleveland',4.5,4,18.0
b'CxV9DJCxc04_xkDRSrfgFA',1,14,b'Cleveland',3.5,2,7.0
b'3clxZHgsvAIBTWiuUM8SYA',1,3,b'Cleveland',1.0,1,1.0
b'N6qraRI63OZgrCAmWRX92w',1,7,b'Cleveland',4.5,2,9.0
b'Gh2kkOnzieYqe5cVLtl7MA',1,65,b'Cleveland',4.5,4,18.0
b'ht0lf3tqyxWV1QH2ZqhMag',1,3,b'Cleveland',3.5,1,3.5
b'mIl2E5qSPveA6Bl9aXAMjw',1,140,b'Cleveland',4.0,4,16.0
b'mtPXFA8wKh2yKZ_BAEILvg',1,3,b'Cleveland',3.5,1,3.5
b'PnVMicrAi6iYRO1_duaueQ',1,9,b'Cleveland',4.0,2,8.0
b'HUTDbniG4URIGfkP8e_cfA',1,22,b'Cleveland',3.5,3,10.5
b'bx3JxOE_pfO2cWr3MkBIng',1,4,b'Cleveland',4.5,1,4.5
b'XZUT68Q5ykgu_fgXfXPOFQ',0,4,b'Cleveland',4.5,1,4.5
b'fhTTP5HRqOzmFw-31Qe7QA',0,4,b'Cleveland',2.0,1,2.0
b'vcV1q5onsIMFhOBxwNow7A',1,4,b'Cleveland',2.5,1,2.5
b'olgPGh22pPVRkKw-c1ZOuA',1,27,b'Cleveland',3.5,3,10.5
b'ddm_Rh5WzzuX6Sx7aJ3kwg',1,8,b'Cleveland',4.0,2,8.0
b'CfwrsG76Wm4iLS22v_wAcg',1,6,b'Cleveland',2.5,1,2.5
b'V2sxcWosKBDwxZQ3J7unOQ',1,32,b'Cleveland',3.0,3,9.0
b'zZB5pi8nld4d8TPAL2seHA',1,3,b'Cleveland',2.5,1,2.5
b'X6chSU0KBGHGNxZ8UH_qag',1,107,b'Cleveland',4.0,4,16.0
b'VXTReQT3Bqte_Liu58scdw',1,24,b'Cleveland',3.5,3,10.5
b'qDqHD4iPXPecT1WnV0JRzA',1,63,b'Cleveland',4.0,4,16.0
b'9lDpO8fpgZKd18yskBM3Zw',1,15,b'Cleveland',3.0,2,6.0
b'QbiWFMTexPMn_9xZmBBb7Q',1,3,b'Cleveland',4.0,1,4.0
b'CpUfCSFoTNlZRzzz5U9V0w',0,12,b'Cleveland',3.0,2,6.0
b'VUb97h3RTg6InKdfgB49Bw',1,75,b'Cleveland',4.0,4,16.0
b's1FNMwBVBmC7mLfYy77e8g',1,205,b'Cleveland',4.0,4,16.0
b'nZ4uuPHq0QLM5DwI52aO3Q',1,3,b'Cleveland',2.5,1,2.5
b'o10-_WmF3MF5uXwMWGg5VQ',1,10,b'Cleveland',1.5,2,3.0
b'1RBh8N3oGEQpu20Sq_BAwA',1,13,b'Cleveland',1.5,2,3.0
b'qSN504OGvbnoucXcYZlnTQ',0,3,b'Cleveland',2.0,1,2.0
b'smtYnQpXjxixcomck2uluA',1,3,b'Cleveland',1.5,1,1.5
b'Kuv-QSWUtOm5IjAxcFMl8A',1,242,b'Cleveland',4.0,4,16.0
b'0Wp67zZWeVm8BfLZkW72_w',0,20,b'Cleveland',4.0,3,12.0
b'soyZ8bv2ZsSpsBv4PGMrTA',0,19,b'Cleveland',3.5,3,10.5
b'Ywdy4YARQK1ZWOCDzZDi-w',0,45,b'Cleveland',4.0,3,12.0
b'3hfd5KIWTEMdG0remWYoyA',1,3,b'Cleveland',3.5,1,3.5
b'Dfy8YhZdTrYHQPS3Fdt_LQ',0,4,b'Cleveland',4.0,1,4.0
b'pTkmsIie9OzCLRIgyh8knQ',0,7,b'Cleveland',5.0,2,10.0
b'lYppFHq_lmKLfUtQBFOheg',0,12,b'Cleveland',4.5,2,9.0
b'mUlkfRhBjQB7MI5nJkcRsA',0,4,b'Cleveland',3.5,1,3.5
b'_iZv63vOfUIlJoxhQtyUcg',1,4,b'Cleveland',2.0,1,2.0
b'HqEcHjMTBMg178La3Uh95w',0,3,b'Cleveland',3.5,1,3.5
b'Z1mLBp6BMlHSQUh364vk1g',1,261,b'Cleveland',4.0,4,16.0
b'LcSbRF9yn9i5gTpYO613kg',0,6,b'Cleveland',3.0,1,3.0
b'ja7zjowr6ymsVglQXZZ6BA',1,47,b'Cleveland',3.0,3,9.0
b'DUOrYFyHiJ27yOtTgCw0HA',0,22,b'Cleveland',3.5,3,10.5
b'vJOwJQF4sDqBbecUK4cVRg',1,3,b'Cleveland',4.0,1,4.0
b'j6JAY0KpNCVgOmq9G6MZuA',1,12,b'Cleveland',4.0,2,8.0
b'7d3tmP0XIFdjdqQ6hBRA4Q',0,37,b'Cleveland',4.0,3,12.0
b'RRfMUUgddw6uzXvqO1cPXg',0,7,b'Cleveland',2.5,2,5.0
b'Mb4V2aPneclZZ8BfZUjWGA',0,62,b'Cleveland',3.5,4,14.0
b'dqzdumTXqMvoB7SVXos-Qg',1,19,b'Cleveland',3.5,3,10.5
b'4tc3kLlLuiolIP4jJslYYw',1,7,b'Cleveland',3.5,2,7.0
b'tWtuHpIFtQHMQq8q8DG3dA',1,88,b'Cleveland',4.0,4,16.0
b'yh0mvFCjZuMKy562h2_d_A',1,159,b'Cleveland',4.0,4,16.0
b'YmWTejuNaIuABtkNZQV5JA',0,23,b'Cleveland',4.0,3,12.0
b'ORRq2RMOCBUNjolyJl8-Lw',1,30,b'Cleveland',2.5,3,7.5
b'ebgu1HjoE5S45U7oKyq4sw',1,66,b'Cleveland',3.0,4,12.0
b'UwtQpKRHATMLx0Po7vPB4w',1,5,b'Cleveland',4.0,1,4.0
b'54ne9NBqgiWQAx0-RrOaFQ',0,85,b'Cleveland',3.5,4,14.0
b'HNs2Nf-trqFTDtho4vhfmA',1,288,b'Cleveland',3.5,4,14.0
b'XrjuO3Pr6Kw8YjDQzXMv4w',0,6,b'Cleveland',4.5,1,4.5
b'zZa54XuYySbT1DI2WG4i3A',1,40,b'Cleveland',3.0,3,9.0
b'kcCncG6-pomVVc7r27HYWA',1,25,b'Cleveland',3.0,3,9.0
b'XBsZoWiUJLi26FtAD6wWDw',0,34,b'Cleveland',4.0,3,12.0
b'FqakwQitwceVi15JwN8EHQ',0,4,b'Cleveland',3.5,1,3.5
b'YFO5rDWDZ7Ngk_DEobjpLw',0,3,b'Cleveland',3.0,1,3.0
b'NVC1MFGTobWxYcuo_z7BGQ',1,51,b'Cleveland',4.0,4,16.0
b'pW-fOxuaWBkIhum5NANx2w',0,11,b'Cleveland',3.0,2,6.0
b'myWTU6p921CBUrx3JclCfg',0,3,b'Cleveland',4.5,1,4.5
b'GZlJDJhDlIy-Xj7ckfyJuw',1,9,b'Cleveland',4.0,2,8.0
b'f0O3dXG2t3QUFw8ogNRVjA',1,10,b'Cleveland',1.5,2,3.0
b'tnvy8Xt_pRGIpWzcOJf9-g',1,11,b'Cleveland',4.5,2,9.0
b'KsYAGLP4yC7FbfixaeCHsA',1,88,b'Cleveland',3.5,4,14.0
b'k9vukbB0xYq_FC9KpktnbQ',0,45,b'Cleveland',3.5,3,10.5
b'CZzRtq0HQKwbBaJJi-Xpnw',1,15,b'Cleveland',3.0,2,6.0
b'TIhj44mic9wxLcv18BJTLA',0,53,b'Cleveland',3.0,4,12.0
b'IsM5JWNuN5dySu6f1vX1nA',1,12,b'Cleveland',2.0,2,4.0
b'9SrZRDl7-ZfuENCo0DjfsQ',1,260,b'Cleveland',3.5,4,14.0
b'CySpYWrovIOGh7hdz9ahOQ',0,28,b'Cleveland',4.0,3,12.0
b'iWLNyADtZsORV58bttRrBQ',1,111,b'Cleveland',4.0,4,16.0
b'OyhCNhJJuJjUt2avxI5POg',1,405,b'Cleveland',3.0,4,12.0
b'czBupdPk4qbW5wlMOEOcWQ',1,35,b'Cleveland',4.0,3,12.0
b'Zn3GV2xa9a-8bHjUM-2sow',1,6,b'Cleveland',1.0,1,1.0
b'IYpaW7h8aPYKIK84_ZKMIg',1,90,b'Cleveland',4.5,4,18.0
b'e7207sqC-pSn6GIf31ikhQ',0,86,b'Cleveland',4.0,4,16.0
b'bjbegGikWzSgeVsOJdE22g',1,67,b'Cleveland',4.0,4,16.0
b'v8GgrqLTs_NZZl2tkyvOgA',1,8,b'Cleveland',3.0,2,6.0
b'QUjJmpTQvGus8WfYq1dtOw',1,65,b'Cleveland',4.0,4,16.0
b'CBgcKcrbN7VSoofxCsCOBA',1,63,b'Cleveland',4.5,4,18.0
b'SkxDv7IpQWu8xvIPK92PuA',1,3,b'Cleveland',3.5,1,3.5
b'XJE_gq0I1Na0kkrGEgxq9A',1,13,b'Cleveland',3.5,2,7.0
b'K74HYkFjYwhEpJt8HTOxnQ',1,62,b'Cleveland',4.0,4,16.0
b'cIoB6iinl48KDGCVwtCHoA',1,6,b'Cleveland',1.0,1,1.0
b'8r9G0fUJpCFnbFWMdzzdMw',1,3,b'Cleveland',1.5,1,1.5
b'EtLmuDIMsBCmqdgpysz60Q',0,73,b'Cleveland',2.5,4,10.0
b'jmeDvVx3wzCBlTBN7XNb-Q',1,268,b'Cleveland',3.5,4,14.0
b'rts9r2F-st7UQCDkplOivg',1,4,b'Cleveland',3.0,1,3.0
b'DZBAkVf8HU4U4ZQ_yKECBQ',1,16,b'Cleveland',4.5,2,9.0
b'Clg5A2zdiFE-4BDEbfDkew',1,11,b'Cleveland',4.0,2,8.0
b'aP7SJxadQE_KaiBHl9sSWA',0,4,b'Cleveland',4.0,1,4.0
b'7l-TZk8Ckd5Ct_QQ6G5tuA',1,5,b'Cleveland',1.5,1,1.5
b'goZV-PlwLJOB8s5O3GruxA',1,171,b'Cleveland',4.0,4,16.0
b'9IJ-TE4HEcAJQkUtc1A_Vw',1,185,b'Cleveland',4.0,4,16.0
b'mo78R4hiF5JDcxpnLljEXg',1,4,b'Cleveland',3.0,1,3.0
b'Z0c9-Eoxz7SQ__68bl3TQw',1,57,b'Cleveland',4.5,4,18.0
b'Fhw_BqD2_KO6AVBwZ5lYBQ',1,4,b'Cleveland',4.5,1,4.5
b'-JgxoIIxZf0q-PGD7P96Fg',0,14,b'Cleveland',2.5,2,5.0
b'So2tr4GnhCMYeZvfJYRCEQ',1,3,b'Cleveland',2.5,1,2.5
b'5CqM8dr3d3LI_B-1_-5U7A',1,97,b'Cleveland',3.5,4,14.0
b'0OflEYBTvbX0EUie466rhQ',1,5,b'Cleveland',4.0,1,4.0
b'9H8c6QYpgbQng4XD30wq-g',1,11,b'Cleveland',4.5,2,9.0
b'0FXAHiDs1Fkr3V_kK8b1SA',1,36,b'Cleveland',3.0,3,9.0
b'9UH89MK29yaYa5BV95kcHg',1,10,b'Cleveland',3.0,2,6.0
b'Jzc4lKBUUNo_DD-9aQJsbQ',1,35,b'Cleveland',3.5,3,10.5
b'e_W6Q-qOHcUR5ZKrwvC2qw',1,17,b'Cleveland',3.0,2,6.0
b'123cbSJgE-BzNCzXV_7r0g',1,16,b'Cleveland',3.5,2,7.0
b'L-Yo6f0evdy6v3a9-biwkw',0,21,b'Cleveland',2.0,3,6.0
b'Ykg-jzdJS5UAlkF5YaCsyA',0,4,b'Cleveland',3.5,1,3.5
b'IBTbSC9zAodn54NuuphLhQ',1,42,b'Cleveland',4.5,3,13.5
b'63lBTe-rgqR_LcAOh_xuPQ',0,26,b'Cleveland',3.0,3,9.0
b'QSfFgtcIrFHMs3_TVXjCLA',1,5,b'Cleveland',3.5,1,3.5
b'nllz_CryvbKJg1MX8sh_Kg',1,4,b'Cleveland',2.5,1,2.5
b'wUzbeWOod7VDmER9PrmwFg',1,4,b'Cleveland',3.0,1,3.0
b'Tal9LqH3fvSDiF_-YDnfEg',1,109,b'Cleveland',3.5,4,14.0
b'H3cMcV9KK3g2pi68lDNsng',1,260,b'Cleveland',4.0,4,16.0
b'pcs7jXj_mvuLQq6DQ3Ggcg',1,31,b'Cleveland',4.5,3,13.5
b'KWnLw61n0v4plYLhmD4v7w',1,15,b'Cleveland',3.5,2,7.0
b'LaSI4hTI5EZ2DfcSvE0uWw',1,15,b'Cleveland',4.0,2,8.0
b'lq-S8rP-advEFlshnCV3gQ',1,8,b'Cleveland',2.0,2,4.0
b'UDPkPyxczQwKa3hKTs0qWQ',0,3,b'Cleveland',2.5,1,2.5
b'QkwGJUT1rSRHRdjKFat7aQ',0,10,b'Cleveland',2.5,2,5.0
b'AsVR-X40wAzI7z7oRpsbTA',0,165,b'Cleveland',4.5,4,18.0
b'pJU2t-6Hd_zUosX1Aw4b0Q',1,12,b'Cleveland',4.0,2,8.0
b'Y-oPVMkxgEsve1sG2iDLXA',1,115,b'Cleveland',4.5,4,18.0
b'QJ1YpQLVuentjgTQqNqqpw',1,159,b'Cleveland',3.5,4,14.0
b'6g8S6V0iyYu6QMvt0QfIqA',1,201,b'Cleveland',3.5,4,14.0
b'UD7Khh-HuG915Xy-o1eeTw',0,5,b'Cleveland',2.5,1,2.5
b'VDGMgPcGFB6acVw1qEoooA',1,4,b'Cleveland',2.0,1,2.0
b'yDRt1K6dLvrR_DZMubSJnQ',0,3,b'Cleveland',4.0,1,4.0
b'PubwGsZPO2N7QBekieMe9w',1,64,b'Cleveland',3.5,4,14.0
b'YiW3hYRpLKPhv99FkuZEbg',1,30,b'Cleveland',3.5,3,10.5
b'kwAFz9QFtNv7ZpMVM6uJ1Q',1,3,b'Cleveland',3.5,1,3.5
b'4qCYRklxSuTdN2z6dC2KeQ',1,54,b'Cleveland',4.0,4,16.0
b'CuIPocteo1F3LEn1OqUoHg',1,32,b'Cleveland',4.0,3,12.0
b'NBfhphIUcOgUpdf_QdDWvw',0,52,b'Cleveland',3.5,4,14.0
b'lMPv3UxzQoYWftbyoDE5dQ',0,9,b'Cleveland',4.0,2,8.0
b'eBoRFMm14n6Bte5vJIaeSg',1,45,b'Cleveland',2.5,3,7.5
b'E9OP8TODswMcmTEGXE1C_g',1,76,b'Cleveland',3.0,4,12.0
b'-nZwVZqlk_ET-dpTtvEqPw',1,4,b'Cleveland',2.0,1,2.0
b'JezHN-9KKLTMbojq00VP0g',1,303,b'Cleveland',4.0,4,16.0
b'Qqh2cFO1bk5TQ8mWIEjbCw',1,92,b'Cleveland',4.5,4,18.0
b'Ya9FMj-MWMkeMcog06N5bQ',1,115,b'Cleveland',3.0,4,12.0
b'iJ818L_78MFGOZs6hUVW4A',1,3,b'Cleveland',1.0,1,1.0
b'wYcCWaqjikA6DnLFBthj_g',1,6,b'Cleveland',2.0,1,2.0
b'Vv7aXgWg2TEXfrfE_-FFrA',1,17,b'Cleveland',4.5,2,9.0
b'KxqE9n2i21ol9DiCv8iknA',0,3,b'Cleveland',4.5,1,4.5
b'T4OTL7ZGe-UTrpWl3KwZOA',1,83,b'Cleveland',4.5,4,18.0
b'51w8nETUAMrTNQtuH9dZYw',0,10,b'Cleveland',4.0,2,8.0
b'LNsZJP6jZ11e0tDljOLPiQ',1,771,b'Cleveland',4.0,4,16.0
b'7xmuQuhpzBlkkSbWePFeVQ',1,106,b'Cleveland',3.5,4,14.0
b'NDfcum0Zpa2o9czVgRds9w',1,23,b'Cleveland',1.5,3,4.5
b'QvCTNqb4NxxndqfZXvsZmw',1,5,b'Cleveland',3.5,1,3.5
b'8hwbcCNUv345Kw1xfOCcWg',1,41,b'Cleveland',3.0,3,9.0
b'4IdcT63iE5fNrVzayZtKEw',1,77,b'Cleveland',4.0,4,16.0
b'kJtijhRR8fl4QIrj-oxf9g',1,21,b'Cleveland',3.0,3,9.0
b'LD_r78sj2FLuTRZ-eHhi7A',0,7,b'Cleveland',3.5,2,7.0
b'r6o9Fi0rHCB3f1mEGdL61A',0,23,b'Cleveland',4.0,3,12.0
b'dcT4gXG-lY7xlaU_YPaZTw',1,13,b'Cleveland',3.5,2,7.0
b'svRAGD2eDu2kXiZuV5Qd5g',1,57,b'Cleveland',4.5,4,18.0
b'xKw7zu8z28i3qv5vHPkEQQ',1,3,b'Cleveland',3.5,1,3.5
b'YpfMt985ZQCNID-eehG-uQ',1,42,b'Cleveland',3.5,3,10.5
b'bprb8-OFeDNndWziTgjsOg',0,17,b'Cleveland',3.5,2,7.0
b'Xny0n0s98TpP82sQxfgIMQ',1,398,b'Cleveland',4.5,4,18.0
b'4uMAsbmiYC3O6BfsMJJTJQ',1,26,b'Cleveland',3.5,3,10.5
b'liPSeXaAfv8jxRGJ717VmQ',1,219,b'Cleveland',3.5,4,14.0
b'LnkkArYSmU9pYRWOO6oPzw',1,69,b'Cleveland',3.0,4,12.0
b'D-xE90Ut4AUlOomgYPLaYQ',1,9,b'Cleveland',3.0,2,6.0
b'caYlxQ7kaYcUZwcqJKNyoA',1,43,b'Cleveland',4.0,3,12.0
b'drecpkFkgxAuvSglTIo9wQ',1,14,b'Cleveland',4.0,2,8.0
b'ntkeyTQNc735Dr-yjGd_IQ',1,37,b'Cleveland',4.0,3,12.0
b'UbYl76BraRy2HObPNLs4Aw',1,5,b'Cleveland',2.0,1,2.0
b'PqSwcDrL1wrwal8hlDf8IQ',1,33,b'Cleveland',3.5,3,10.5
b'7W_PUqiBmoe2PVFGQ1ZBOg',1,115,b'Cleveland',4.0,4,16.0
b'ohIzA0mZOtS6_9q_pJYKrg',0,19,b'Cleveland',4.5,3,13.5
b'uRbrfI6DW0hn3Vj0tyjycA',1,43,b'Cleveland',4.5,3,13.5
b'n_UkzLCAMCIqhUnu-iLQyw',0,37,b'Cleveland',3.0,3,9.0
b'uZZnIe0KJEpFlJlYedrQsg',1,43,b'Cleveland',2.5,3,7.5
b'RFxiH1C6NcDBOurFfs2UVg',1,14,b'Cleveland',4.5,2,9.0
b'awGiEZOQ7ldhrzTbibpV2w',1,10,b'Cleveland',1.0,2,2.0
b'sfWFdhpwsThk4w9nDg1tTA',1,3,b'Cleveland',3.0,1,3.0
b'dAkg4Tucp7b5AIPwkqjAGg',1,104,b'Cleveland',4.0,4,16.0
b'WpkuAJfHSIgjppRC-Wnxgg',1,8,b'Cleveland',2.5,2,5.0
b'0vvPP6Ir2723kjRZFJg7tg',1,3,b'Cleveland',5.0,1,5.0
b'5jWBMCoR8aAXBM9RNyzzbw',1,7,b'Cleveland',3.0,2,6.0
b'D6KoYvnmWswZJjdGm0uiqA',1,37,b'Cleveland',3.0,3,9.0
b'uTKrt3rE4xgYyuiOtRWDvw',1,28,b'Cleveland',3.5,3,10.5
b'orrrhqRRUORIzUSxWTveKg',1,285,b'Cleveland',4.0,4,16.0
b'YNI26xBkdOzI1TMGmIcEaw',1,24,b'Cleveland',3.5,3,10.5
b'L0NPyLfRL6eQnzday1KzJA',0,3,b'Cleveland',3.5,1,3.5
b'fS1QBwuCUXVQ_K7LNnYvBg',0,50,b'Cleveland',2.5,4,10.0
b'nv1XdkWviHXO7N6mK8O1yg',1,118,b'Cleveland',3.5,4,14.0
b'YgHp9MdZ1vVdYyMEro4TtQ',1,191,b'Cleveland',4.0,4,16.0
b'Pnv-BffVgfQmXb8y_DEWMQ',1,135,b'Cleveland',3.5,4,14.0
b'q0kNcjGcHvEdd8-ccfwKoA',1,3,b'Cleveland',3.0,1,3.0
b'2xBcxvOUrizsvLyPm89iXQ',1,3,b'Cleveland',2.5,1,2.5
b'eGt0GhiFS0FPJNRGJkp0fw',0,7,b'Cleveland',4.5,2,9.0
b'63ieHAevJ5szVnClT8FzGQ',1,84,b'Cleveland',4.5,4,18.0
b'nBmpmc4R7LP8HjII7DJgkA',0,25,b'Cleveland',3.0,3,9.0
b'7LzhLKAwS7PHUvaPIW833A',1,32,b'Cleveland',3.5,3,10.5
b'f_vZiW020vjgySYwUUjZ7A',1,6,b'Cleveland',1.5,1,1.5
